time,Symbol,Action,price,SL,Lots,Description,Magic
2025-12-05 00:00:00,XAUUSD,LONG,4201.691,4196.42626953125,0.1,GoldResearch-Range,654321
2025-12-05 01:00:00,XAUUSD,SHORT,4203.108,4208.67529296875,0.1,GoldResearch-Range,654321
2025-12-05 05:00:00,XAUUSD,LONG,4220.533,4216.0341796875,0.1,GoldResearch-Range,654321
2025-12-05 06:00:00,XAUUSD,LONG,4224.483,4218.58544921875,0.1,GoldResearch-Range,654321
2025-12-05 10:00:00,XAUUSD,LONG,4222.918,4218.70849609375,0.1,GoldResearch-Range,654321
2025-12-05 16:00:00,XAUUSD,LONG,4214.239,4202.40673828125,0.1,GoldResearch-Range,654321
2025-12-05 17:00:00,XAUUSD,SHORT,4217.463,4224.09716796875,0.1,GoldResearch-Range,654321
2025-12-05 18:00:00,XAUUSD,SHORT,4208.833,4214.21923828125,0.1,GoldResearch-Range,654321
2025-12-05 19:00:00,XAUUSD,SHORT,4207.649,4212.41357421875,0.1,GoldResearch-Range,654321
2025-12-05 20:00:00,XAUUSD,SHORT,4202.237,4207.23876953125,0.1,GoldResearch-Range,654321
2025-12-05 21:00:00,XAUUSD,SHORT,4198.522,4204.38037109375,0.1,GoldResearch-Range,654321
2025-12-07 23:00:00,XAUUSD,SHORT,4201.389,4208.572265625,0.1,GoldResearch-Range,654321
2025-12-08 00:00:00,XAUUSD,SHORT,4210.843,4216.1787109375,0.1,GoldResearch-Range,654321
2025-12-08 01:00:00,XAUUSD,SHORT,4201.123,4208.6103515625,0.1,GoldResearch-Range,654321
2025-12-08 02:00:00,XAUUSD,LONG,4208.514,4202.32080078125,0.1,GoldResearch-Range,654321
2025-12-08 03:00:00,XAUUSD,SHORT,4210.008,4214.3330078125,0.1,GoldResearch-Range,654321
2025-12-08 04:00:00,XAUUSD,SHORT,4208.501,4212.49951171875,0.1,GoldResearch-Range,654321
2025-12-08 06:00:00,XAUUSD,LONG,4217.001,4212.30615234375,0.1,GoldResearch-Range,654321
2025-12-08 07:00:00,XAUUSD,SHORT,4206.864,4212.96923828125,0.1,GoldResearch-Range,654321
2025-12-08 08:00:00,XAUUSD,LONG,4209.883,4203.85302734375,0.1,GoldResearch-Range,654321
2025-12-08 09:00:00,XAUUSD,LONG,4207.989,4202.87109375,0.1,GoldResearch-Range,654321
2025-12-08 10:00:00,XAUUSD,LONG,4203.561,4198.38623046875,0.1,GoldResearch-Range,654321
2025-12-08 11:00:00,XAUUSD,SHORT,4208.427,4214.61962890625,0.1,GoldResearch-Range,654321
2025-12-08 12:00:00,XAUUSD,LONG,4213.767,4209.07568359375,0.1,GoldResearch-Range,654321
2025-12-08 13:00:00,XAUUSD,SHORT,4201.653,4208.88720703125,0.1,GoldResearch-Range,654321
2025-12-08 14:00:00,XAUUSD,SHORT,4196.711,4203.41943359375,0.1,GoldResearch-Range,654321
2025-12-08 15:00:00,XAUUSD,SHORT,4182.914,4190.23486328125,0.1,GoldResearch-Range,654321
2025-12-08 16:00:00,XAUUSD,SHORT,4191.592,4198.62939453125,0.1,GoldResearch-Range,654321
2025-12-08 17:00:00,XAUUSD,SHORT,4194.81,4199.44091796875,0.1,GoldResearch-Range,654321
2025-12-08 18:00:00,XAUUSD,SHORT,4187.271,4192.58154296875,0.1,GoldResearch-Range,654321
2025-12-08 19:00:00,XAUUSD,SHORT,4187.057,4191.0732421875,0.1,GoldResearch-Range,654321
2025-12-08 20:00:00,XAUUSD,SHORT,4191.505,4197.18359375,0.1,GoldResearch-Range,654321
2025-12-08 21:00:00,XAUUSD,SHORT,4190.613,4194.7119140625,0.1,GoldResearch-Range,654321
2025-12-08 23:00:00,XAUUSD,SHORT,4194.735,4198.4853515625,0.1,GoldResearch-Range,654321
2025-12-09 00:00:00,XAUUSD,SHORT,4190.444,4194.54248046875,0.1,GoldResearch-Range,654321
2025-12-09 01:00:00,XAUUSD,LONG,4196.117,4191.013671875,0.1,GoldResearch-Range,654321
2025-12-09 02:00:00,XAUUSD,SHORT,4189.854,4195.28466796875,0.1,GoldResearch-Range,654321
2025-12-09 03:00:00,XAUUSD,SHORT,4194.6,4199.34912109375,0.1,GoldResearch-Range,654321
2025-12-09 04:00:00,XAUUSD,SHORT,4186.967,4192.27685546875,0.1,GoldResearch-Range,654321
2025-12-09 05:00:00,XAUUSD,SHORT,4179.793,4184.90625,0.1,GoldResearch-Range,654321
2025-12-09 06:00:00,XAUUSD,LONG,4181.941,4175.78662109375,0.1,GoldResearch-Range,654321
2025-12-09 07:00:00,XAUUSD,SHORT,4182.368,4187.65380859375,0.1,GoldResearch-Range,654321
2025-12-09 08:00:00,XAUUSD,SHORT,4191.625,4196.25244140625,0.1,GoldResearch-Range,654321
2025-12-09 09:00:00,XAUUSD,LONG,4202.77,4194.748046875,0.1,GoldResearch-Range,654321
2025-12-09 11:00:00,XAUUSD,LONG,4202.976,4198.9853515625,0.1,GoldResearch-Range,654321
2025-12-09 18:00:00,XAUUSD,LONG,4208.871,4203.8447265625,0.1,GoldResearch-Range,654321
2025-12-09 19:00:00,XAUUSD,LONG,4212.577,4208.08642578125,0.1,GoldResearch-Range,654321
2025-12-10 01:00:00,XAUUSD,LONG,4213.813,4207.7724609375,0.1,GoldResearch-Range,654321
2025-12-10 02:00:00,XAUUSD,LONG,4216.996,4212.30126953125,0.1,GoldResearch-Range,654321
2025-12-10 03:00:00,XAUUSD,LONG,4206.3,4200.3681640625,0.1,GoldResearch-Range,654321
2025-12-10 06:00:00,XAUUSD,LONG,4207.338,4202.220703125,0.1,GoldResearch-Range,654321
2025-12-10 07:00:00,XAUUSD,LONG,4203.392,4198.98583984375,0.1,GoldResearch-Range,654321
2025-12-10 08:00:00,XAUUSD,SHORT,4197.856,4202.56982421875,0.1,GoldResearch-Range,654321
2025-12-10 09:00:00,XAUUSD,SHORT,4194.396,4199.13671875,0.1,GoldResearch-Range,654321
2025-12-10 10:00:00,XAUUSD,LONG,4193.26,4188.15966796875,0.1,GoldResearch-Range,654321
2025-12-10 11:00:00,XAUUSD,SHORT,4197.208,4201.1484375,0.1,GoldResearch-Range,654321
2025-12-10 12:00:00,XAUUSD,LONG,4196.506,4192.0322265625,0.1,GoldResearch-Range,654321
2025-12-10 13:00:00,XAUUSD,LONG,4200.783,4194.76123046875,0.1,GoldResearch-Range,654321
2025-12-10 14:00:00,XAUUSD,SHORT,4192.568,4199.26953125,0.1,GoldResearch-Range,654321
2025-12-10 15:00:00,XAUUSD,SHORT,4193.62,4199.15673828125,0.1,GoldResearch-Range,654321
2025-12-10 17:00:00,XAUUSD,SHORT,4199.755,4203.9677734375,0.1,GoldResearch-Range,654321
2025-12-10 18:00:00,XAUUSD,SHORT,4194.418,4199.41064453125,0.1,GoldResearch-Range,654321
2025-12-11 00:00:00,XAUUSD,LONG,4237.144,4231.00146484375,0.1,GoldResearch-Range,654321
2025-12-11 04:00:00,XAUUSD,SHORT,4213.579,4218.48095703125,0.1,GoldResearch-Range,654321
2025-12-11 05:00:00,XAUUSD,SHORT,4207.523,4213.005859375,0.1,GoldResearch-Range,654321
2025-12-11 07:00:00,XAUUSD,LONG,4216.079,4210.951171875,0.1,GoldResearch-Range,654321
2025-12-11 09:00:00,XAUUSD,LONG,4218.579,4212.62451171875,0.1,GoldResearch-Range,654321
2025-12-11 10:00:00,XAUUSD,LONG,4216.953,4210.91357421875,0.1,GoldResearch-Range,654321
2025-12-11 11:00:00,XAUUSD,SHORT,4211.174,4216.49560546875,0.1,GoldResearch-Range,654321
2025-12-11 12:00:00,XAUUSD,LONG,4220.383,4214.42578125,0.1,GoldResearch-Range,654321
2025-12-11 20:00:00,XAUUSD,LONG,4276.268,4270.13818359375,0.1,GoldResearch-Range,654321
2025-12-11 21:00:00,XAUUSD,LONG,4280.179,4274.04345703125,0.1,GoldResearch-Range,654321
2025-12-12 01:00:00,XAUUSD,LONG,4271.02,4264.8974609375,0.1,GoldResearch-Range,654321
2025-12-12 02:00:00,XAUUSD,LONG,4270.501,4265.74658203125,0.1,GoldResearch-Range,654321
2025-12-12 06:00:00,XAUUSD,LONG,4282.915,4278.42529296875,0.1,GoldResearch-Range,654321
2025-12-12 07:00:00,XAUUSD,LONG,4287.227,4281.85498046875,0.1,GoldResearch-Range,654321
2025-12-12 09:00:00,XAUUSD,LONG,4318.241,4311.88623046875,0.1,GoldResearch-Range,654321
2025-12-12 12:00:00,XAUUSD,LONG,4325.88,4319.68408203125,0.1,GoldResearch-Range,654321
2025-12-12 13:00:00,XAUUSD,LONG,4341.042,4331.9345703125,0.1,GoldResearch-Range,654321
2025-12-12 14:00:00,XAUUSD,LONG,4346.965,4337.84521484375,0.1,GoldResearch-Range,654321
2025-12-12 15:00:00,XAUUSD,SHORT,4290.494,4302.96484375,0.1,GoldResearch-Range,654321
2025-12-12 16:00:00,XAUUSD,SHORT,4282.109,4292.76025390625,0.1,GoldResearch-Range,654321
2025-12-12 18:00:00,XAUUSD,LONG,4294.896,4287.8857421875,0.1,GoldResearch-Range,654321
2025-12-12 20:00:00,XAUUSD,LONG,4299.239,4293.00634765625,0.1,GoldResearch-Range,654321
2025-12-15 02:00:00,XAUUSD,LONG,4326.428,4321.291015625,0.1,GoldResearch-Range,654321
2025-12-15 11:00:00,XAUUSD,LONG,4342.747,4337.59033203125,0.1,GoldResearch-Range,654321
2025-12-15 12:00:00,XAUUSD,LONG,4345.67,4341.3203125,0.1,GoldResearch-Range,654321
2025-12-15 15:00:00,XAUUSD,SHORT,4318.307,4324.71630859375,0.1,GoldResearch-Range,654321
2025-12-15 16:00:00,XAUUSD,SHORT,4297.441,4307.7373046875,0.1,GoldResearch-Range,654321
2025-12-15 17:00:00,XAUUSD,SHORT,4304.47,4310.77685546875,0.1,GoldResearch-Range,654321
2025-12-15 18:00:00,XAUUSD,LONG,4313.077,4306.82470703125,0.1,GoldResearch-Range,654321
2025-12-15 19:00:00,XAUUSD,SHORT,4314.227,4319.74169921875,0.1,GoldResearch-Range,654321
2025-12-15 20:00:00,XAUUSD,SHORT,4304.48,4311.1494140625,0.1,GoldResearch-Range,654321
2025-12-15 21:00:00,XAUUSD,SHORT,4305.498,4309.6279296875,0.1,GoldResearch-Range,654321
2025-12-15 23:00:00,XAUUSD,SHORT,4304.15,4308.20703125,0.1,GoldResearch-Range,654321
2025-12-16 00:00:00,XAUUSD,SHORT,4307.831,4312.8427734375,0.1,GoldResearch-Range,654321
2025-12-16 01:00:00,XAUUSD,SHORT,4308.853,4316.70947265625,0.1,GoldResearch-Range,654321
2025-12-16 02:00:00,XAUUSD,SHORT,4289.922,4298.900390625,0.1,GoldResearch-Range,654321
2025-12-16 03:00:00,XAUUSD,SHORT,4290.839,4296.9677734375,0.1,GoldResearch-Range,654321
2025-12-16 04:00:00,XAUUSD,SHORT,4289.085,4293.19287109375,0.1,GoldResearch-Range,654321
2025-12-16 05:00:00,XAUUSD,SHORT,4284.136,4291.4609375,0.1,GoldResearch-Range,654321
2025-12-16 06:00:00,XAUUSD,SHORT,4289.242,4294.90087890625,0.1,GoldResearch-Range,654321
2025-12-16 07:00:00,XAUUSD,SHORT,4287.643,4292.80712890625,0.1,GoldResearch-Range,654321
2025-12-16 08:00:00,XAUUSD,LONG,4284.723,4278.58642578125,0.1,GoldResearch-Range,654321
2025-12-16 09:00:00,XAUUSD,LONG,4280.361,4274.99755859375,0.1,GoldResearch-Range,654321
2025-12-16 10:00:00,XAUUSD,SHORT,4277.355,4282.970703125,0.1,GoldResearch-Range,654321
2025-12-16 11:00:00,XAUUSD,SHORT,4278.382,4282.3984375,0.1,GoldResearch-Range,654321
2025-12-16 12:00:00,XAUUSD,SHORT,4294.475,4301.8173828125,0.1,GoldResearch-Range,654321
2025-12-16 15:00:00,XAUUSD,LONG,4319.805,4311.46484375,0.1,GoldResearch-Range,654321
2025-12-16 16:00:00,XAUUSD,SHORT,4300.577,4310.88134765625,0.1,GoldResearch-Range,654321
2025-12-16 20:00:00,XAUUSD,LONG,4304.749,4298.578125,0.1,GoldResearch-Range,654321
2025-12-16 21:00:00,XAUUSD,SHORT,4302.417,4306.34521484375,0.1,GoldResearch-Range,654321
2025-12-17 05:00:00,XAUUSD,LONG,4333.959,4327.67626953125,0.1,GoldResearch-Range,654321
2025-12-17 06:00:00,XAUUSD,LONG,4328.668,4322.2978515625,0.1,GoldResearch-Range,654321
2025-12-17 07:00:00,XAUUSD,LONG,4317.899,4311.6396484375,0.1,GoldResearch-Range,654321
2025-12-17 11:00:00,XAUUSD,LONG,4316.409,4312.1064453125,0.1,GoldResearch-Range,654321
2025-12-17 12:00:00,XAUUSD,LONG,4317.521,4312.36474609375,0.1,GoldResearch-Range,654321
2025-12-17 14:00:00,XAUUSD,LONG,4338.22,4329.67333984375,0.1,GoldResearch-Range,654321
2025-12-17 19:00:00,XAUUSD,LONG,4336.967,4330.912109375,0.1,GoldResearch-Range,654321
2025-12-18 02:00:00,XAUUSD,LONG,4333.283,4328.45849609375,0.1,GoldResearch-Range,654321
2025-12-18 06:00:00,XAUUSD,LONG,4334.007,4329.6865234375,0.1,GoldResearch-Range,654321
2025-12-18 07:00:00,XAUUSD,LONG,4331.418,4326.69091796875,0.1,GoldResearch-Range,654321
2025-12-18 08:00:00,XAUUSD,SHORT,4326.574,4331.81494140625,0.1,GoldResearch-Range,654321
2025-12-18 09:00:00,XAUUSD,SHORT,4323.365,4328.3134765625,0.1,GoldResearch-Range,654321
2025-12-18 10:00:00,XAUUSD,LONG,4325.359,4321.04736328125,0.1,GoldResearch-Range,654321
2025-12-18 11:00:00,XAUUSD,SHORT,4325.567,4329.05908203125,0.1,GoldResearch-Range,654321
2025-12-18 12:00:00,XAUUSD,LONG,4320.947,4315.62744140625,0.1,GoldResearch-Range,654321
2025-12-18 14:00:00,XAUUSD,SHORT,4328.517,4339.0810546875,0.1,GoldResearch-Range,654321
2025-12-18 17:00:00,XAUUSD,LONG,4333.269,4321.1025390625,0.1,GoldResearch-Range,654321
2025-12-18 18:00:00,XAUUSD,SHORT,4331.66,4338.98046875,0.1,GoldResearch-Range,654321
2025-12-18 19:00:00,XAUUSD,LONG,4324.944,4318.83935546875,0.1,GoldResearch-Range,654321
2025-12-18 20:00:00,XAUUSD,LONG,4334.706,4328.59326171875,0.1,GoldResearch-Range,654321
2025-12-19 00:00:00,XAUUSD,SHORT,4326.019,4331.548828125,0.1,GoldResearch-Range,654321
2025-12-19 01:00:00,XAUUSD,SHORT,4323.266,4331.0068359375,0.1,GoldResearch-Range,654321
2025-12-19 02:00:00,XAUUSD,SHORT,4316.817,4323.74365234375,0.1,GoldResearch-Range,654321
2025-12-19 03:00:00,XAUUSD,SHORT,4318.024,4322.9208984375,0.1,GoldResearch-Range,654321
2025-12-19 04:00:00,XAUUSD,SHORT,4322.789,4326.919921875,0.1,GoldResearch-Range,654321
2025-12-19 05:00:00,XAUUSD,LONG,4325.918,4319.81201171875,0.1,GoldResearch-Range,654321
2025-12-19 06:00:00,XAUUSD,LONG,4326.363,4321.5458984375,0.1,GoldResearch-Range,654321
2025-12-19 07:00:00,XAUUSD,LONG,4322.756,4317.94287109375,0.1,GoldResearch-Range,654321
2025-12-19 08:00:00,XAUUSD,SHORT,4326.159,4331.01708984375,0.1,GoldResearch-Range,654321
2025-12-19 10:00:00,XAUUSD,LONG,4327.744,4322.41650390625,0.1,GoldResearch-Range,654321
2025-12-19 11:00:00,XAUUSD,SHORT,4327.238,4331.01513671875,0.1,GoldResearch-Range,654321
2025-12-19 12:00:00,XAUUSD,LONG,4326.814,4321.67626953125,0.1,GoldResearch-Range,654321
2025-12-19 18:00:00,XAUUSD,LONG,4348.578,4342.2744140625,0.1,GoldResearch-Range,654321
2025-12-19 21:00:00,XAUUSD,LONG,4339.365,4335.7333984375,0.1,GoldResearch-Range,654321
2025-12-22 01:00:00,XAUUSD,LONG,4382.933,4374.2978515625,0.1,GoldResearch-Range,654321
2025-12-22 04:00:00,XAUUSD,LONG,4398.386,4393.14501953125,0.1,GoldResearch-Range,654321
2025-12-22 05:00:00,XAUUSD,LONG,4400.128,4393.9169921875,0.1,GoldResearch-Range,654321
2025-12-22 10:00:00,XAUUSD,LONG,4408.655,4403.2275390625,0.1,GoldResearch-Range,654321
2025-12-22 11:00:00,XAUUSD,LONG,4410.299,4405.90234375,0.1,GoldResearch-Range,654321
2025-12-22 13:00:00,XAUUSD,LONG,4423.526,4417.01611328125,0.1,GoldResearch-Range,654321
2025-12-22 14:00:00,XAUUSD,LONG,4419.251,4412.74755859375,0.1,GoldResearch-Range,654321
2025-12-22 15:00:00,XAUUSD,LONG,4431.837,4423.2802734375,0.1,GoldResearch-Range,654321
2025-12-22 16:00:00,XAUUSD,LONG,4438.767,4432.40966796875,0.1,GoldResearch-Range,654321
2025-12-22 20:00:00,XAUUSD,LONG,4438.471,4433.73974609375,0.1,GoldResearch-Range,654321
2025-12-22 23:00:00,XAUUSD,LONG,4460.243,4453.77734375,0.1,GoldResearch-Range,654321
2025-12-23 00:00:00,XAUUSD,LONG,4470.532,4464.12353515625,0.1,GoldResearch-Range,654321
2025-12-23 02:00:00,XAUUSD,LONG,4493.412,4485.2900390625,0.1,GoldResearch-Range,654321
2025-12-23 03:00:00,XAUUSD,LONG,4486.863,4480.3583984375,0.1,GoldResearch-Range,654321
2025-12-23 04:00:00,XAUUSD,LONG,4482.547,4477.10693359375,0.1,GoldResearch-Range,654321
2025-12-23 09:00:00,XAUUSD,LONG,4480.43,4474.00732421875,0.1,GoldResearch-Range,654321
2025-12-23 10:00:00,XAUUSD,LONG,4484.302,4479.30908203125,0.1,GoldResearch-Range,654321
2025-12-23 13:00:00,XAUUSD,LONG,4479.132,4470.30712890625,0.1,GoldResearch-Range,654321
2025-12-23 14:00:00,XAUUSD,SHORT,4446.368,4457.2197265625,0.1,GoldResearch-Range,654321
2025-12-23 15:00:00,XAUUSD,SHORT,4458.511,4468.8115234375,0.1,GoldResearch-Range,654321
2025-12-23 18:00:00,XAUUSD,LONG,4484.408,4477.97998046875,0.1,GoldResearch-Range,654321
2025-12-23 19:00:00,XAUUSD,LONG,4490.86,4484.52099609375,0.1,GoldResearch-Range,654321
2025-12-24 02:00:00,XAUUSD,LONG,4477.52,4464.94873046875,0.1,GoldResearch-Range,654321
2025-12-24 06:00:00,XAUUSD,LONG,4493.596,4487.33203125,0.1,GoldResearch-Range,654321
2025-12-24 08:00:00,XAUUSD,LONG,4482.329,4476.00830078125,0.1,GoldResearch-Range,654321
2025-12-24 09:00:00,XAUUSD,LONG,4494.626,4488.01171875,0.1,GoldResearch-Range,654321
2025-12-24 12:00:00,XAUUSD,LONG,4490.814,4486.31884765625,0.1,GoldResearch-Range,654321
2025-12-24 14:00:00,XAUUSD,SHORT,4464.674,4474.68798828125,0.1,GoldResearch-Range,654321
2025-12-24 15:00:00,XAUUSD,SHORT,4458.334,4468.2265625,0.1,GoldResearch-Range,654321
2025-12-24 16:00:00,XAUUSD,SHORT,4476.776,4484.2919921875,0.1,GoldResearch-Range,654321
2025-12-24 17:00:00,XAUUSD,SHORT,4480.553,4486.287109375,0.1,GoldResearch-Range,654321
2025-12-24 18:00:00,XAUUSD,SHORT,4480.715,4484.912109375,0.1,GoldResearch-Range,654321
2025-12-26 00:00:00,XAUUSD,LONG,4517.954,4509.052734375,0.1,GoldResearch-Range,654321
2025-12-26 01:00:00,XAUUSD,LONG,4503.791,4492.423828125,0.1,GoldResearch-Range,654321
2025-12-26 10:00:00,XAUUSD,LONG,4514.401,4508.02880859375,0.1,GoldResearch-Range,654321
2025-12-26 11:00:00,XAUUSD,LONG,4509.647,4503.1826171875,0.1,GoldResearch-Range,654321
2025-12-26 12:00:00,XAUUSD,LONG,4508.899,4503.544921875,0.1,GoldResearch-Range,654321
2025-12-26 13:00:00,XAUUSD,LONG,4525.108,4516.470703125,0.1,GoldResearch-Range,654321
2025-12-28 23:00:00,XAUUSD,LONG,4527.184,4518.36474609375,0.1,GoldResearch-Range,654321
2025-12-29 00:00:00,XAUUSD,LONG,4497.406,4484.6435546875,0.1,GoldResearch-Range,654321
2025-12-29 01:00:00,XAUUSD,LONG,4497.163,4488.302734375,0.1,GoldResearch-Range,654321
2025-12-29 02:00:00,XAUUSD,SHORT,4512.367,4520.0009765625,0.1,GoldResearch-Range,654321
2025-12-29 04:00:00,XAUUSD,LONG,4515.736,4509.36181640625,0.1,GoldResearch-Range,654321
2025-12-29 05:00:00,XAUUSD,LONG,4506.734,4500.20068359375,0.1,GoldResearch-Range,654321
2025-12-29 06:00:00,XAUUSD,SHORT,4475.204,4486.1259765625,0.1,GoldResearch-Range,654321
2025-12-29 07:00:00,XAUUSD,SHORT,4474.592,4485.92138671875,0.1,GoldResearch-Range,654321
2025-12-29 08:00:00,XAUUSD,LONG,4460.937,4449.85400390625,0.1,GoldResearch-Range,654321
2025-12-29 09:00:00,XAUUSD,SHORT,4472.176,4478.7138671875,0.1,GoldResearch-Range,654321
2025-12-29 10:00:00,XAUUSD,SHORT,4460.856,4467.48828125,0.1,GoldResearch-Range,654321
2025-12-29 11:00:00,XAUUSD,SHORT,4446.696,4457.44873046875,0.1,GoldResearch-Range,654321
2025-12-29 12:00:00,XAUUSD,SHORT,4464.197,4472.009765625,0.1,GoldResearch-Range,654321
2025-12-29 13:00:00,XAUUSD,LONG,4421.483,4407.17431640625,0.1,GoldResearch-Range,654321
2025-12-29 14:00:00,XAUUSD,SHORT,4360.413,4379.6005859375,0.1,GoldResearch-Range,654321
2025-12-29 15:00:00,XAUUSD,SHORT,4325.328,4344.47998046875,0.1,GoldResearch-Range,654321
2025-12-29 16:00:00,XAUUSD,SHORT,4341.805,4354.99267578125,0.1,GoldResearch-Range,654321
2025-12-29 17:00:00,XAUUSD,SHORT,4328.092,4338.36572265625,0.1,GoldResearch-Range,654321
2025-12-29 18:00:00,XAUUSD,SHORT,4331.515,4340.97265625,0.1,GoldResearch-Range,654321
2025-12-29 19:00:00,XAUUSD,LONG,4336.993,4331.03369140625,0.1,GoldResearch-Range,654321
2025-12-29 20:00:00,XAUUSD,SHORT,4334.685,4343.39990234375,0.1,GoldResearch-Range,654321
2025-12-29 21:00:00,XAUUSD,SHORT,4331.546,4343.2392578125,0.1,GoldResearch-Range,654321
2025-12-29 23:00:00,XAUUSD,SHORT,4345.645,4353.5751953125,0.1,GoldResearch-Range,654321
2025-12-30 00:00:00,XAUUSD,SHORT,4339.658,4347.6298828125,0.1,GoldResearch-Range,654321
2025-12-30 01:00:00,XAUUSD,SHORT,4360.153,4370.7939453125,0.1,GoldResearch-Range,654321
2025-12-30 02:00:00,XAUUSD,SHORT,4362.656,4369.04736328125,0.1,GoldResearch-Range,654321
2025-12-30 03:00:00,XAUUSD,SHORT,4359.264,4364.8720703125,0.1,GoldResearch-Range,654321
2025-12-30 04:00:00,XAUUSD,LONG,4363.481,4357.494140625,0.1,GoldResearch-Range,654321
2025-12-30 05:00:00,XAUUSD,SHORT,4377.697,4385.18115234375,0.1,GoldResearch-Range,654321
2025-12-30 06:00:00,XAUUSD,SHORT,4364.71,4372.3486328125,0.1,GoldResearch-Range,654321
2025-12-30 07:00:00,XAUUSD,LONG,4372.569,4363.9541015625,0.1,GoldResearch-Range,654321
2025-12-30 08:00:00,XAUUSD,LONG,4364.961,4356.62939453125,0.1,GoldResearch-Range,654321
2025-12-30 09:00:00,XAUUSD,SHORT,4372.025,4377.82568359375,0.1,GoldResearch-Range,654321
2025-12-30 10:00:00,XAUUSD,LONG,4384.93,4376.3876953125,0.1,GoldResearch-Range,654321
2025-12-30 11:00:00,XAUUSD,LONG,4384.409,4379.07666015625,0.1,GoldResearch-Range,654321
2025-12-30 14:00:00,XAUUSD,SHORT,4366.377,4377.033203125,0.1,GoldResearch-Range,654321
2025-12-30 15:00:00,XAUUSD,SHORT,4365.096,4372.11279296875,0.1,GoldResearch-Range,654321
2025-12-30 16:00:00,XAUUSD,LONG,4377.719,4369.26708984375,0.1,GoldResearch-Range,654321
2025-12-30 17:00:00,XAUUSD,SHORT,4370.161,4376.8642578125,0.1,GoldResearch-Range,654321
2025-12-30 18:00:00,XAUUSD,SHORT,4364.807,4371.607421875,0.1,GoldResearch-Range,654321
2025-12-30 19:00:00,XAUUSD,SHORT,4348.624,4358.2802734375,0.1,GoldResearch-Range,654321
2025-12-30 20:00:00,XAUUSD,SHORT,4341.802,4349.27734375,0.1,GoldResearch-Range,654321
2025-12-30 21:00:00,XAUUSD,SHORT,4338.759,4345.6943359375,0.1,GoldResearch-Range,654321
2025-12-30 23:00:00,XAUUSD,SHORT,4338.922,4346.25439453125,0.1,GoldResearch-Range,654321
2025-12-31 00:00:00,XAUUSD,LONG,4342.413,4336.19384765625,0.1,GoldResearch-Range,654321
2025-12-31 01:00:00,XAUUSD,SHORT,4366.062,4376.41845703125,0.1,GoldResearch-Range,654321
2025-12-31 02:00:00,XAUUSD,LONG,4348.691,4340.12890625,0.1,GoldResearch-Range,654321
2025-12-31 03:00:00,XAUUSD,SHORT,4348.586,4355.88720703125,0.1,GoldResearch-Range,654321
2025-12-31 04:00:00,XAUUSD,SHORT,4332.989,4340.79296875,0.1,GoldResearch-Range,654321
2025-12-31 05:00:00,XAUUSD,SHORT,4285.812,4299.25537109375,0.1,GoldResearch-Range,654321
2025-12-31 06:00:00,XAUUSD,LONG,4328.006,4313.1025390625,0.1,GoldResearch-Range,654321
2025-12-31 07:00:00,XAUUSD,LONG,4331.108,4324.8994140625,0.1,GoldResearch-Range,654321
2025-12-31 08:00:00,XAUUSD,SHORT,4307.21,4317.685546875,0.1,GoldResearch-Range,654321
2025-12-31 09:00:00,XAUUSD,SHORT,4325.899,4335.90087890625,0.1,GoldResearch-Range,654321
2025-12-31 10:00:00,XAUUSD,SHORT,4306.677,4316.47802734375,0.1,GoldResearch-Range,654321
2025-12-31 11:00:00,XAUUSD,LONG,4311.005,4304.8251953125,0.1,GoldResearch-Range,654321
2025-12-31 12:00:00,XAUUSD,SHORT,4313.899,4320.61962890625,0.1,GoldResearch-Range,654321
2025-12-31 14:00:00,XAUUSD,LONG,4346.005,4336.67822265625,0.1,GoldResearch-Range,654321
2025-12-31 15:00:00,XAUUSD,SHORT,4337.274,4344.759765625,0.1,GoldResearch-Range,654321
2025-12-31 16:00:00,XAUUSD,SHORT,4322.976,4331.162109375,0.1,GoldResearch-Range,654321
2025-12-31 17:00:00,XAUUSD,SHORT,4321.796,4327.27685546875,0.1,GoldResearch-Range,654321
2025-12-31 18:00:00,XAUUSD,SHORT,4319.303,4326.1748046875,0.1,GoldResearch-Range,654321
2025-12-31 19:00:00,XAUUSD,SHORT,4311.253,4317.9697265625,0.1,GoldResearch-Range,654321
2025-12-31 20:00:00,XAUUSD,SHORT,4312.854,4320.40185546875,0.1,GoldResearch-Range,654321
2025-12-31 21:00:00,XAUUSD,LONG,4318.847,4312.5263671875,0.1,GoldResearch-Range,654321
2026-01-01 23:00:00,XAUUSD,LONG,4348.337,4339.77001953125,0.1,GoldResearch-Range,654321
2026-01-02 00:00:00,XAUUSD,LONG,4354.191,4346.9375,0.1,GoldResearch-Range,654321
2026-01-02 03:00:00,XAUUSD,LONG,4375.173,4369.0029296875,0.1,GoldResearch-Range,654321
2026-01-02 04:00:00,XAUUSD,LONG,4373.267,4368.39794921875,0.1,GoldResearch-Range,654321
2026-01-02 06:00:00,XAUUSD,LONG,4374.795,4369.92431640625,0.1,GoldResearch-Range,654321
2026-01-02 09:00:00,XAUUSD,LONG,4385.609,4380.4013671875,0.1,GoldResearch-Range,654321
2026-01-02 10:00:00,XAUUSD,LONG,4396.07,4389.7734375,0.1,GoldResearch-Range,654321
2026-01-02 14:00:00,XAUUSD,LONG,4353.445,4344.03857421875,0.1,GoldResearch-Range,654321
2026-01-02 15:00:00,XAUUSD,SHORT,4335.47,4344.5439453125,0.1,GoldResearch-Range,654321
2026-01-02 16:00:00,XAUUSD,SHORT,4326.428,4334.17138671875,0.1,GoldResearch-Range,654321
2026-01-02 17:00:00,XAUUSD,SHORT,4323.089,4328.4033203125,0.1,GoldResearch-Range,654321
2026-01-02 18:00:00,XAUUSD,LONG,4315.06,4308.97509765625,0.1,GoldResearch-Range,654321
2026-01-02 19:00:00,XAUUSD,SHORT,4318.185,4324.21044921875,0.1,GoldResearch-Range,654321
2026-01-02 20:00:00,XAUUSD,LONG,4331.422,4325.14306640625,0.1,GoldResearch-Range,654321
2026-01-02 21:00:00,XAUUSD,LONG,4331.759,4327.03125,0.1,GoldResearch-Range,654321
2026-01-05 03:00:00,XAUUSD,LONG,4399.941,4393.736328125,0.1,GoldResearch-Range,654321
2026-01-05 05:00:00,XAUUSD,LONG,4412.369,4405.97265625,0.1,GoldResearch-Range,654321
2026-01-05 06:00:00,XAUUSD,LONG,4420.161,4412.7978515625,0.1,GoldResearch-Range,654321
2026-01-05 08:00:00,XAUUSD,LONG,4430.181,4423.93359375,0.1,GoldResearch-Range,654321
2026-01-05 09:00:00,XAUUSD,LONG,4434.845,4428.6630859375,0.1,GoldResearch-Range,654321
2026-01-05 10:00:00,XAUUSD,LONG,4436.25,4430.8544921875,0.1,GoldResearch-Range,654321
2026-01-05 19:00:00,XAUUSD,LONG,4439.845,4433.4091796875,0.1,GoldResearch-Range,654321
2026-01-05 23:00:00,XAUUSD,LONG,4440.334,4431.8583984375,0.1,GoldResearch-Range,654321
2026-01-06 00:00:00,XAUUSD,LONG,4436.385,4429.85595703125,0.1,GoldResearch-Range,654321
2026-01-06 01:00:00,XAUUSD,LONG,4450.417,4441.64892578125,0.1,GoldResearch-Range,654321
2026-01-06 05:00:00,XAUUSD,LONG,4452.445,4443.6005859375,0.1,GoldResearch-Range,654321
2026-01-06 09:00:00,XAUUSD,LONG,4446.349,4437.41943359375,0.1,GoldResearch-Range,654321
2026-01-06 10:00:00,XAUUSD,LONG,4451.733,4445.181640625,0.1,GoldResearch-Range,654321
2026-01-06 12:00:00,XAUUSD,LONG,4463.614,4458.7099609375,0.1,GoldResearch-Range,654321
2026-01-06 14:00:00,XAUUSD,LONG,4487.466,4478.62451171875,0.1,GoldResearch-Range,654321
2026-01-06 17:00:00,XAUUSD,LONG,4489.462,4484.1123046875,0.1,GoldResearch-Range,654321
2026-01-06 19:00:00,XAUUSD,LONG,4481.409,4474.9853515625,0.1,GoldResearch-Range,654321
2026-01-07 00:00:00,XAUUSD,LONG,4491.903,4485.4638671875,0.1,GoldResearch-Range,654321
2026-01-07 01:00:00,XAUUSD,SHORT,4465.5,4476.3984375,0.1,GoldResearch-Range,654321
2026-01-07 04:00:00,XAUUSD,SHORT,4464.805,4470.6298828125,0.1,GoldResearch-Range,654321
2026-01-07 05:00:00,XAUUSD,SHORT,4454.27,4463.79052734375,0.1,GoldResearch-Range,654321
2026-01-07 06:00:00,XAUUSD,SHORT,4444.228,4452.005859375,0.1,GoldResearch-Range,654321
2026-01-07 07:00:00,XAUUSD,LONG,4461.273,4452.7578125,0.1,GoldResearch-Range,654321
2026-01-07 09:00:00,XAUUSD,SHORT,4463.388,4469.18115234375,0.1,GoldResearch-Range,654321
2026-01-07 10:00:00,XAUUSD,LONG,4464.482,4459.05224609375,0.1,GoldResearch-Range,654321
2026-01-07 11:00:00,XAUUSD,SHORT,4447.469,4454.94677734375,0.1,GoldResearch-Range,654321
2026-01-07 12:00:00,XAUUSD,SHORT,4445.1,4452.20556640625,0.1,GoldResearch-Range,654321
2026-01-07 13:00:00,XAUUSD,LONG,4452.968,4444.19482421875,0.1,GoldResearch-Range,654321
2026-01-07 14:00:00,XAUUSD,SHORT,4445.604,4452.75,0.1,GoldResearch-Range,654321
2026-01-07 15:00:00,XAUUSD,SHORT,4446.078,4455.8525390625,0.1,GoldResearch-Range,654321
2026-01-07 16:00:00,XAUUSD,LONG,4464.27,4455.65087890625,0.1,GoldResearch-Range,654321
2026-01-07 17:00:00,XAUUSD,SHORT,4451.851,4458.6796875,0.1,GoldResearch-Range,654321
2026-01-07 18:00:00,XAUUSD,SHORT,4451.993,4458.16455078125,0.1,GoldResearch-Range,654321
2026-01-07 19:00:00,XAUUSD,LONG,4456.852,4450.46337890625,0.1,GoldResearch-Range,654321
2026-01-07 20:00:00,XAUUSD,SHORT,4451.964,4457.99560546875,0.1,GoldResearch-Range,654321
2026-01-07 21:00:00,XAUUSD,SHORT,4455.734,4459.9169921875,0.1,GoldResearch-Range,654321
2026-01-08 00:00:00,XAUUSD,SHORT,4450.263,4457.73486328125,0.1,GoldResearch-Range,654321
2026-01-08 01:00:00,XAUUSD,SHORT,4448.506,4456.291015625,0.1,GoldResearch-Range,654321
2026-01-08 02:00:00,XAUUSD,SHORT,4441.382,4448.4814453125,0.1,GoldResearch-Range,654321
2026-01-08 03:00:00,XAUUSD,SHORT,4440.299,4445.32568359375,0.1,GoldResearch-Range,654321
2026-01-08 04:00:00,XAUUSD,SHORT,4431.553,4436.57861328125,0.1,GoldResearch-Range,654321
2026-01-08 05:00:00,XAUUSD,SHORT,4425.388,4432.28271484375,0.1,GoldResearch-Range,654321
2026-01-08 06:00:00,XAUUSD,SHORT,4433.359,4441.11767578125,0.1,GoldResearch-Range,654321
2026-01-08 07:00:00,XAUUSD,SHORT,4431.056,4437.23876953125,0.1,GoldResearch-Range,654321
2026-01-08 08:00:00,XAUUSD,SHORT,4431.573,4437.48779296875,0.1,GoldResearch-Range,654321
2026-01-08 09:00:00,XAUUSD,LONG,4432.575,4427.02099609375,0.1,GoldResearch-Range,654321
2026-01-08 10:00:00,XAUUSD,SHORT,4433.276,4439.451171875,0.1,GoldResearch-Range,654321
2026-01-08 11:00:00,XAUUSD,LONG,4422.728,4416.5537109375,0.1,GoldResearch-Range,654321
2026-01-08 12:00:00,XAUUSD,LONG,4427.857,4419.13330078125,0.1,GoldResearch-Range,654321
2026-01-08 13:00:00,XAUUSD,SHORT,4423.741,4431.4833984375,0.1,GoldResearch-Range,654321
2026-01-08 14:00:00,XAUUSD,SHORT,4432.845,4440.60302734375,0.1,GoldResearch-Range,654321
2026-01-08 21:00:00,XAUUSD,LONG,4477.366,4470.45751953125,0.1,GoldResearch-Range,654321
2026-01-09 05:00:00,XAUUSD,LONG,4468.157,4461.68017578125,0.1,GoldResearch-Range,654321
2026-01-09 06:00:00,XAUUSD,LONG,4474.162,4467.916015625,0.1,GoldResearch-Range,654321
2026-01-09 09:00:00,XAUUSD,LONG,4471.203,4465.94140625,0.1,GoldResearch-Range,654321
2026-01-09 10:00:00,XAUUSD,LONG,4472.637,4467.869140625,0.1,GoldResearch-Range,654321
2026-01-09 15:00:00,XAUUSD,LONG,4512.272,4502.70068359375,0.1,GoldResearch-Range,654321
2026-01-09 16:00:00,XAUUSD,LONG,4506.515,4500.16015625,0.1,GoldResearch-Range,654321
2026-01-11 23:00:00,XAUUSD,LONG,4539.96,4530.2509765625,0.1,GoldResearch-Range,654321
2026-01-12 01:00:00,XAUUSD,LONG,4570.14,4559.1064453125,0.1,GoldResearch-Range,654321
2026-01-12 02:00:00,XAUUSD,LONG,4577.477,4568.5771484375,0.1,GoldResearch-Range,654321
2026-01-12 04:00:00,XAUUSD,LONG,4568.609,4563.251953125,0.1,GoldResearch-Range,654321
2026-01-12 06:00:00,XAUUSD,LONG,4578.421,4572.029296875,0.1,GoldResearch-Range,654321
2026-01-12 07:00:00,XAUUSD,LONG,4587.7,4580.91162109375,0.1,GoldResearch-Range,654321
2026-01-12 08:00:00,XAUUSD,LONG,4596.747,4586.74658203125,0.1,GoldResearch-Range,654321
2026-01-12 09:00:00,XAUUSD,LONG,4589.117,4582.71044921875,0.1,GoldResearch-Range,654321
2026-01-12 10:00:00,XAUUSD,LONG,4594.219,4588.732421875,0.1,GoldResearch-Range,654321
2026-01-12 11:00:00,XAUUSD,LONG,4585.272,4578.69921875,0.1,GoldResearch-Range,654321
2026-01-12 12:00:00,XAUUSD,LONG,4590.556,4583.9755859375,0.1,GoldResearch-Range,654321
2026-01-12 15:00:00,XAUUSD,LONG,4621.268,4612.345703125,0.1,GoldResearch-Range,654321
2026-01-12 17:00:00,XAUUSD,LONG,4616.469,4610.96826171875,0.1,GoldResearch-Range,654321
2026-01-12 23:00:00,XAUUSD,LONG,4599.371,4590.4111328125,0.1,GoldResearch-Range,654321
2026-01-13 00:00:00,XAUUSD,LONG,4587.454,4580.8837890625,0.1,GoldResearch-Range,654321
2026-01-13 01:00:00,XAUUSD,SHORT,4577.984,4585.81103515625,0.1,GoldResearch-Range,654321
2026-01-13 03:00:00,XAUUSD,LONG,4594.166,4589.2685546875,0.1,GoldResearch-Range,654321
2026-01-13 06:00:00,XAUUSD,SHORT,4581.583,4589.47119140625,0.1,GoldResearch-Range,654321
2026-01-13 07:00:00,XAUUSD,SHORT,4580.548,4586.18505859375,0.1,GoldResearch-Range,654321
2026-01-13 10:00:00,XAUUSD,LONG,4586.3,4581.41064453125,0.1,GoldResearch-Range,654321
2026-01-13 14:00:00,XAUUSD,LONG,4629.966,4620.84375,0.1,GoldResearch-Range,654321
2026-01-13 17:00:00,XAUUSD,SHORT,4590.502,4600.4912109375,0.1,GoldResearch-Range,654321
2026-01-13 18:00:00,XAUUSD,SHORT,4594.198,4601.94189453125,0.1,GoldResearch-Range,654321
2026-01-13 19:00:00,XAUUSD,LONG,4597.503,4590.7373046875,0.1,GoldResearch-Range,654321
2026-01-13 20:00:00,XAUUSD,SHORT,4586.045,4596.228515625,0.1,GoldResearch-Range,654321
2026-01-13 21:00:00,XAUUSD,SHORT,4586.552,4591.40625,0.1,GoldResearch-Range,654321
2026-01-14 01:00:00,XAUUSD,LONG,4619.137,4612.33935546875,0.1,GoldResearch-Range,654321
2026-01-14 02:00:00,XAUUSD,LONG,4620.633,4615.01318359375,0.1,GoldResearch-Range,654321
2026-01-14 07:00:00,XAUUSD,LONG,4632.634,4627.47607421875,0.1,GoldResearch-Range,654321
2026-01-14 09:00:00,XAUUSD,LONG,4630.422,4623.7841796875,0.1,GoldResearch-Range,654321
2026-01-14 12:00:00,XAUUSD,LONG,4638.782,4632.30615234375,0.1,GoldResearch-Range,654321
2026-01-14 14:00:00,XAUUSD,SHORT,4617.582,4627.82763671875,0.1,GoldResearch-Range,654321
2026-01-14 15:00:00,XAUUSD,SHORT,4617.855,4627.52001953125,0.1,GoldResearch-Range,654321
2026-01-14 16:00:00,XAUUSD,SHORT,4616.995,4623.84765625,0.1,GoldResearch-Range,654321
2026-01-14 17:00:00,XAUUSD,SHORT,4614.239,4620.89990234375,0.1,GoldResearch-Range,654321
2026-01-14 18:00:00,XAUUSD,LONG,4635.044,4625.912109375,0.1,GoldResearch-Range,654321
2026-01-14 21:00:00,XAUUSD,LONG,4626.038,4619.23046875,0.1,GoldResearch-Range,654321
2026-01-14 23:00:00,XAUUSD,SHORT,4615.294,4623.84619140625,0.1,GoldResearch-Range,654321
2026-01-15 00:00:00,XAUUSD,SHORT,4615.28,4620.1650390625,0.1,GoldResearch-Range,654321
2026-01-15 01:00:00,XAUUSD,SHORT,4600.055,4610.26953125,0.1,GoldResearch-Range,654321
2026-01-15 02:00:00,XAUUSD,SHORT,4602.831,4610.2294921875,0.1,GoldResearch-Range,654321
2026-01-15 03:00:00,XAUUSD,SHORT,4592.282,4600.64111328125,0.1,GoldResearch-Range,654321
2026-01-15 04:00:00,XAUUSD,SHORT,4592.249,4597.59130859375,0.1,GoldResearch-Range,654321
2026-01-15 05:00:00,XAUUSD,SHORT,4595.228,4602.38720703125,0.1,GoldResearch-Range,654321
2026-01-15 06:00:00,XAUUSD,SHORT,4610.261,4617.337890625,0.1,GoldResearch-Range,654321
2026-01-15 07:00:00,XAUUSD,LONG,4601.818,4595.0458984375,0.1,GoldResearch-Range,654321
2026-01-15 08:00:00,XAUUSD,SHORT,4604.308,4609.5146484375,0.1,GoldResearch-Range,654321
2026-01-15 12:00:00,XAUUSD,LONG,4613.952,4608.34033203125,0.1,GoldResearch-Range,654321
2026-01-15 13:00:00,XAUUSD,SHORT,4588.413,4598.70458984375,0.1,GoldResearch-Range,654321
2026-01-15 15:00:00,XAUUSD,LONG,4615.473,4608.6806640625,0.1,GoldResearch-Range,654321
2026-01-15 16:00:00,XAUUSD,SHORT,4605.607,4613.74609375,0.1,GoldResearch-Range,654321
2026-01-15 20:00:00,XAUUSD,SHORT,4605.761,4612.81396484375,0.1,GoldResearch-Range,654321
2026-01-15 21:00:00,XAUUSD,LONG,4615.67,4609.2353515625,0.1,GoldResearch-Range,654321
2026-01-15 23:00:00,XAUUSD,LONG,4610.284,4603.60107421875,0.1,GoldResearch-Range,654321
2026-01-16 00:00:00,XAUUSD,SHORT,4599.96,4606.033203125,0.1,GoldResearch-Range,654321
2026-01-16 01:00:00,XAUUSD,LONG,4600.513,4593.74267578125,0.1,GoldResearch-Range,654321
2026-01-16 02:00:00,XAUUSD,SHORT,4594.891,4600.95751953125,0.1,GoldResearch-Range,654321
2026-01-16 03:00:00,XAUUSD,SHORT,4596.49,4601.0283203125,0.1,GoldResearch-Range,654321
2026-01-16 04:00:00,XAUUSD,SHORT,4601.087,4605.2353515625,0.1,GoldResearch-Range,654321
2026-01-16 06:00:00,XAUUSD,SHORT,4597.967,4605.31640625,0.1,GoldResearch-Range,654321
2026-01-16 07:00:00,XAUUSD,LONG,4607.546,4600.76513671875,0.1,GoldResearch-Range,654321
2026-01-16 08:00:00,XAUUSD,SHORT,4603.185,4608.31298828125,0.1,GoldResearch-Range,654321
2026-01-16 09:00:00,XAUUSD,SHORT,4600.449,4605.57421875,0.1,GoldResearch-Range,654321
2026-01-16 10:00:00,XAUUSD,SHORT,4600.216,4606.4482421875,0.1,GoldResearch-Range,654321
2026-01-16 12:00:00,XAUUSD,LONG,4601.755,4594.98291015625,0.1,GoldResearch-Range,654321
2026-01-16 13:00:00,XAUUSD,SHORT,4601.89,4610.16455078125,0.1,GoldResearch-Range,654321
2026-01-16 15:00:00,XAUUSD,SHORT,4571.398,4587.3740234375,0.1,GoldResearch-Range,654321
2026-01-16 16:00:00,XAUUSD,SHORT,4591.494,4602.00830078125,0.1,GoldResearch-Range,654321
2026-01-16 17:00:00,XAUUSD,SHORT,4581.46,4588.59765625,0.1,GoldResearch-Range,654321
2026-01-16 18:00:00,XAUUSD,SHORT,4582.656,4589.35546875,0.1,GoldResearch-Range,654321
2026-01-16 19:00:00,XAUUSD,SHORT,4590.572,4596.787109375,0.1,GoldResearch-Range,654321
2026-01-16 20:00:00,XAUUSD,LONG,4581.986,4575.34375,0.1,GoldResearch-Range,654321
2026-01-16 21:00:00,XAUUSD,SHORT,4596.588,4603.84814453125,0.1,GoldResearch-Range,654321
2026-01-19 00:00:00,XAUUSD,LONG,4675.351,4665.41650390625,0.1,GoldResearch-Range,654321
2026-01-19 03:00:00,XAUUSD,LONG,4658.521,4652.1201171875,0.1,GoldResearch-Range,654321
2026-01-19 06:00:00,XAUUSD,LONG,4677.954,4671.24853515625,0.1,GoldResearch-Range,654321
2026-01-19 07:00:00,XAUUSD,LONG,4665.186,4658.26904296875,0.1,GoldResearch-Range,654321
2026-01-19 11:00:00,XAUUSD,LONG,4660.705,4655.51611328125,0.1,GoldResearch-Range,654321
2026-01-19 12:00:00,XAUUSD,LONG,4671.958,4665.2607421875,0.1,GoldResearch-Range,654321
2026-01-19 17:00:00,XAUUSD,LONG,4676.236,4670.6513671875,0.1,GoldResearch-Range,654321
2026-01-20 06:00:00,XAUUSD,LONG,4712.532,4705.953125,0.1,GoldResearch-Range,654321
2026-01-20 09:00:00,XAUUSD,LONG,4732.404,4724.5205078125,0.1,GoldResearch-Range,654321
2026-01-20 15:00:00,XAUUSD,LONG,4737.567,4728.419921875,0.1,GoldResearch-Range,654321
2026-01-20 18:00:00,XAUUSD,LONG,4759.359,4752.64111328125,0.1,GoldResearch-Range,654321
2026-01-20 19:00:00,XAUUSD,LONG,4760.696,4755.01025390625,0.1,GoldResearch-Range,654321
2026-01-20 20:00:00,XAUUSD,LONG,4756.644,4749.93017578125,0.1,GoldResearch-Range,654321
2026-01-21 01:00:00,XAUUSD,LONG,4835.302,4819.39892578125,0.1,GoldResearch-Range,654321
2026-01-21 02:00:00,XAUUSD,LONG,4836.69,4821.85986328125,0.1,GoldResearch-Range,654321
2026-01-21 03:00:00,XAUUSD,LONG,4845.003,4832.7958984375,0.1,GoldResearch-Range,654321
2026-01-21 04:00:00,XAUUSD,LONG,4865.859,4854.193359375,0.1,GoldResearch-Range,654321
2026-01-21 05:00:00,XAUUSD,LONG,4869.91,4857.82763671875,0.1,GoldResearch-Range,654321
2026-01-21 09:00:00,XAUUSD,LONG,4860.292,4847.60400390625,0.1,GoldResearch-Range,654321
2026-01-21 10:00:00,XAUUSD,LONG,4862.14,4857.04345703125,0.1,GoldResearch-Range,654321
2026-01-21 11:00:00,XAUUSD,LONG,4866.812,4859.7568359375,0.1,GoldResearch-Range,654321
2026-01-21 12:00:00,XAUUSD,LONG,4865.009,4857.84912109375,0.1,GoldResearch-Range,654321
2026-01-21 15:00:00,XAUUSD,LONG,4847.815,4834.38916015625,0.1,GoldResearch-Range,654321
2026-01-21 19:00:00,XAUUSD,LONG,4781.264,4762.58837890625,0.1,GoldResearch-Range,654321
2026-01-21 21:00:00,XAUUSD,LONG,4828.746,4819.33935546875,0.1,GoldResearch-Range,654321
2026-01-21 23:00:00,XAUUSD,SHORT,4778.37,4796.45458984375,0.1,GoldResearch-Range,654321
2026-01-22 00:00:00,XAUUSD,LONG,4798.16,4789.25537109375,0.1,GoldResearch-Range,654321
2026-01-22 01:00:00,XAUUSD,SHORT,4797.873,4809.7763671875,0.1,GoldResearch-Range,654321
2026-01-22 02:00:00,XAUUSD,LONG,4789.051,4778.87060546875,0.1,GoldResearch-Range,654321
2026-01-22 03:00:00,XAUUSD,SHORT,4796.604,4802.53564453125,0.1,GoldResearch-Range,654321
2026-01-22 04:00:00,XAUUSD,SHORT,4797.355,4802.4462890625,0.1,GoldResearch-Range,654321
2026-01-22 05:00:00,XAUUSD,LONG,4821.283,4812.00634765625,0.1,GoldResearch-Range,654321
2026-01-22 06:00:00,XAUUSD,LONG,4826.534,4819.615234375,0.1,GoldResearch-Range,654321
2026-01-22 08:00:00,XAUUSD,LONG,4830.737,4824.10888671875,0.1,GoldResearch-Range,654321
2026-01-22 11:00:00,XAUUSD,LONG,4831.11,4824.4716796875,0.1,GoldResearch-Range,654321
2026-01-22 14:00:00,XAUUSD,LONG,4835.179,4825.65283203125,0.1,GoldResearch-Range,654321
2026-01-22 15:00:00,XAUUSD,LONG,4871.704,4858.2119140625,0.1,GoldResearch-Range,654321
2026-01-22 16:00:00,XAUUSD,LONG,4878.08,4869.8857421875,0.1,GoldResearch-Range,654321
2026-01-22 18:00:00,XAUUSD,LONG,4915.979,4906.8994140625,0.1,GoldResearch-Range,654321
2026-01-22 21:00:00,XAUUSD,LONG,4936.22,4925.8642578125,0.1,GoldResearch-Range,654321
2026-01-22 23:00:00,XAUUSD,LONG,4958.972,4944.3232421875,0.1,GoldResearch-Range,654321
2026-01-23 00:00:00,XAUUSD,LONG,4965.051,4947.69091796875,0.1,GoldResearch-Range,654321
2026-01-23 03:00:00,XAUUSD,LONG,4952.007,4943.216796875,0.1,GoldResearch-Range,654321
2026-01-23 04:00:00,XAUUSD,LONG,4956.283,4950.76513671875,0.1,GoldResearch-Range,654321
2026-01-23 05:00:00,XAUUSD,LONG,4960.654,4953.65185546875,0.1,GoldResearch-Range,654321
2026-01-23 07:00:00,XAUUSD,LONG,4944.413,4937.13671875,0.1,GoldResearch-Range,654321
2026-01-23 10:00:00,XAUUSD,LONG,4929.871,4922.724609375,0.1,GoldResearch-Range,654321
2026-01-23 16:00:00,XAUUSD,LONG,4980.297,4969.146484375,0.1,GoldResearch-Range,654321
2026-01-23 17:00:00,XAUUSD,LONG,4965.998,4956.21435546875,0.1,GoldResearch-Range,654321
2026-01-23 20:00:00,XAUUSD,LONG,4981.517,4974.2958984375,0.1,GoldResearch-Range,654321
2026-01-26 00:00:00,XAUUSD,LONG,5041.83,5031.6484375,0.1,GoldResearch-Range,654321
2026-01-26 01:00:00,XAUUSD,LONG,5071.195,5055.22607421875,0.1,GoldResearch-Range,654321
2026-01-26 02:00:00,XAUUSD,LONG,5081.12,5070.4541015625,0.1,GoldResearch-Range,654321
2026-01-26 05:00:00,XAUUSD,LONG,5074.295,5064.3408203125,0.1,GoldResearch-Range,654321
2026-01-26 06:00:00,XAUUSD,LONG,5077.886,5064.20263671875,0.1,GoldResearch-Range,654321
2026-01-26 07:00:00,XAUUSD,LONG,5089.275,5080.68212890625,0.1,GoldResearch-Range,654321
2026-01-26 10:00:00,XAUUSD,LONG,5091.639,5084.14599609375,0.1,GoldResearch-Range,654321
2026-01-26 11:00:00,XAUUSD,LONG,5091.438,5084.25146484375,0.1,GoldResearch-Range,654321
2026-01-26 13:00:00,XAUUSD,LONG,5068.552,5058.56591796875,0.1,GoldResearch-Range,654321
2026-01-26 19:00:00,XAUUSD,LONG,5028.697,5013.78662109375,0.1,GoldResearch-Range,654321
2026-01-26 21:00:00,XAUUSD,SHORT,5009.206,5026.22216796875,0.1,GoldResearch-Range,654321
2026-01-26 23:00:00,XAUUSD,SHORT,5043.629,5054.95263671875,0.1,GoldResearch-Range,654321
2026-01-27 00:00:00,XAUUSD,LONG,5032.697,5020.2978515625,0.1,GoldResearch-Range,654321
2026-01-27 02:00:00,XAUUSD,LONG,5072.436,5061.4765625,0.1,GoldResearch-Range,654321
2026-01-27 05:00:00,XAUUSD,LONG,5083.013,5073.11083984375,0.1,GoldResearch-Range,654321
2026-01-27 07:00:00,XAUUSD,LONG,5086.128,5077.23095703125,0.1,GoldResearch-Range,654321
2026-01-27 10:00:00,XAUUSD,LONG,5086.163,5078.99072265625,0.1,GoldResearch-Range,654321
2026-01-27 14:00:00,XAUUSD,SHORT,5054.261,5065.59765625,0.1,GoldResearch-Range,654321
2026-01-27 16:00:00,XAUUSD,LONG,5087.504,5079.06982421875,0.1,GoldResearch-Range,654321
2026-01-27 21:00:00,XAUUSD,LONG,5180.515,5170.109375,0.1,GoldResearch-Range,654321
2026-01-27 23:00:00,XAUUSD,LONG,5172.433,5163.26953125,0.1,GoldResearch-Range,654321
2026-01-28 01:00:00,XAUUSD,LONG,5204.765,5190.0703125,0.1,GoldResearch-Range,654321
2026-01-28 05:00:00,XAUUSD,LONG,5261.144,5246.3203125,0.1,GoldResearch-Range,654321
2026-01-28 06:00:00,XAUUSD,LONG,5269.864,5256.67333984375,0.1,GoldResearch-Range,654321
2026-01-28 07:00:00,XAUUSD,LONG,5290.397,5279.43994140625,0.1,GoldResearch-Range,654321
2026-01-28 08:00:00,XAUUSD,LONG,5293.649,5279.96728515625,0.1,GoldResearch-Range,654321
2026-01-28 10:00:00,XAUUSD,LONG,5269.962,5259.91796875,0.1,GoldResearch-Range,654321
2026-01-28 14:00:00,XAUUSD,LONG,5286.118,5273.1865234375,0.1,GoldResearch-Range,654321
2026-01-28 15:00:00,XAUUSD,LONG,5278.235,5263.4091796875,0.1,GoldResearch-Range,654321
2026-01-28 18:00:00,XAUUSD,LONG,5283.597,5268.04736328125,0.1,GoldResearch-Range,654321
2026-01-28 19:00:00,XAUUSD,LONG,5325.408,5310.44970703125,0.1,GoldResearch-Range,654321
2026-01-28 20:00:00,XAUUSD,LONG,5376.793,5360.5966796875,0.1,GoldResearch-Range,654321
2026-01-29 07:00:00,XAUUSD,LONG,5548.984,5533.85009765625,0.1,GoldResearch-Range,654321
2026-01-29 09:00:00,XAUUSD,LONG,5514.147,5502.57861328125,0.1,GoldResearch-Range,654321
2026-01-29 12:00:00,XAUUSD,LONG,5534.166,5522.568359375,0.1,GoldResearch-Range,654321
2026-01-29 13:00:00,XAUUSD,LONG,5510.376,5496.46826171875,0.1,GoldResearch-Range,654321
2026-01-29 14:00:00,XAUUSD,LONG,5497.717,5482.064453125,0.1,GoldResearch-Range,654321
2026-01-29 15:00:00,XAUUSD,SHORT,5182.833,5219.744140625,0.1,GoldResearch-Range,654321
2026-01-29 16:00:00,XAUUSD,SHORT,5264.023,5296.8251953125,0.1,GoldResearch-Range,654321
2026-01-29 17:00:00,XAUUSD,SHORT,5335.284,5365.3359375,0.1,GoldResearch-Range,654321
2026-01-29 18:00:00,XAUUSD,SHORT,5339.037,5362.1650390625,0.1,GoldResearch-Range,654321
2026-01-29 19:00:00,XAUUSD,SHORT,5305.838,5326.2783203125,0.1,GoldResearch-Range,654321
2026-01-29 20:00:00,XAUUSD,SHORT,5394.512,5438.392578125,0.1,GoldResearch-Range,654321
2026-01-29 21:00:00,XAUUSD,LONG,5377.505,5362.46484375,0.1,GoldResearch-Range,654321
2026-01-30 01:00:00,XAUUSD,SHORT,5301.712,5334.4580078125,0.1,GoldResearch-Range,654321
2026-01-30 02:00:00,XAUUSD,SHORT,5224.763,5266.64404296875,0.1,GoldResearch-Range,654321
2026-01-30 03:00:00,XAUUSD,SHORT,5196.572,5223.8720703125,0.1,GoldResearch-Range,654321
2026-01-30 04:00:00,XAUUSD,LONG,5214.833,5201.033203125,0.1,GoldResearch-Range,654321
2026-01-30 05:00:00,XAUUSD,SHORT,5184.934,5205.693359375,0.1,GoldResearch-Range,654321
2026-01-30 06:00:00,XAUUSD,SHORT,5155.947,5183.62548828125,0.1,GoldResearch-Range,654321
2026-01-30 07:00:00,XAUUSD,SHORT,5181.14,5206.94580078125,0.1,GoldResearch-Range,654321
2026-01-30 08:00:00,XAUUSD,SHORT,5117.27,5147.64990234375,0.1,GoldResearch-Range,654321
2026-01-30 09:00:00,XAUUSD,SHORT,5013.698,5056.828125,0.1,GoldResearch-Range,654321
2026-01-30 10:00:00,XAUUSD,SHORT,5119.731,5144.4267578125,0.1,GoldResearch-Range,654321
2026-01-30 11:00:00,XAUUSD,LONG,5136.072,5113.98681640625,0.1,GoldResearch-Range,654321
2026-01-30 12:00:00,XAUUSD,SHORT,5064.718,5093.15869140625,0.1,GoldResearch-Range,654321
2026-01-30 13:00:00,XAUUSD,SHORT,5019.419,5066.86767578125,0.1,GoldResearch-Range,654321
2026-01-30 14:00:00,XAUUSD,LONG,5033.129,5007.99609375,0.1,GoldResearch-Range,654321
2026-01-30 15:00:00,XAUUSD,SHORT,5050.424,5070.12744140625,0.1,GoldResearch-Range,654321
2026-01-30 16:00:00,XAUUSD,SHORT,4985.359,5021.13330078125,0.1,GoldResearch-Range,654321
2026-01-30 17:00:00,XAUUSD,SHORT,4850.024,4884.64599609375,0.1,GoldResearch-Range,654321
2026-01-30 18:00:00,XAUUSD,SHORT,4880.534,4920.7021484375,0.1,GoldResearch-Range,654321
2026-01-30 19:00:00,XAUUSD,SHORT,4932.661,4963.11767578125,0.1,GoldResearch-Range,654321
2026-01-30 20:00:00,XAUUSD,SHORT,4847.953,4884.8505859375,0.1,GoldResearch-Range,654321
2026-01-30 21:00:00,XAUUSD,LONG,4891.496,4875.72265625,0.1,GoldResearch-Range,654321
2026-02-01 23:00:00,XAUUSD,SHORT,4741.422,4776.7529296875,0.1,GoldResearch-Range,654321
2026-02-02 00:00:00,XAUUSD,SHORT,4766.926,4805.52001953125,0.1,GoldResearch-Range,654321
2026-02-02 01:00:00,XAUUSD,LONG,4737.051,4702.86474609375,0.1,GoldResearch-Range,654321
2026-02-02 02:00:00,XAUUSD,SHORT,4711.081,4737.11572265625,0.1,GoldResearch-Range,654321
2026-02-02 03:00:00,XAUUSD,SHORT,4646.595,4678.576171875,0.1,GoldResearch-Range,654321
2026-02-02 04:00:00,XAUUSD,SHORT,4679.776,4712.73486328125,0.1,GoldResearch-Range,654321
2026-02-02 05:00:00,XAUUSD,LONG,4549.418,4509.935546875,0.1,GoldResearch-Range,654321
2026-02-02 06:00:00,XAUUSD,SHORT,4503.946,4544.0361328125,0.1,GoldResearch-Range,654321
2026-02-02 07:00:00,XAUUSD,SHORT,4587.12,4622.8896484375,0.1,GoldResearch-Range,654321
2026-02-02 08:00:00,XAUUSD,SHORT,4640.826,4661.67578125,0.1,GoldResearch-Range,654321
2026-02-02 09:00:00,XAUUSD,SHORT,4719.567,4743.9853515625,0.1,GoldResearch-Range,654321
2026-02-02 10:00:00,XAUUSD,SHORT,4705.788,4732.25244140625,0.1,GoldResearch-Range,654321
2026-02-02 11:00:00,XAUUSD,SHORT,4766.028,4783.66943359375,0.1,GoldResearch-Range,654321
2026-02-02 12:00:00,XAUUSD,SHORT,4794.221,4807.5615234375,0.1,GoldResearch-Range,654321
2026-02-02 13:00:00,XAUUSD,LONG,4706.181,4672.88671875,0.1,GoldResearch-Range,654321
2026-02-02 14:00:00,XAUUSD,SHORT,4719.174,4742.22216796875,0.1,GoldResearch-Range,654321
2026-02-02 15:00:00,XAUUSD,SHORT,4619.977,4644.98291015625,0.1,GoldResearch-Range,654321
2026-02-02 16:00:00,XAUUSD,SHORT,4665.75,4691.60205078125,0.1,GoldResearch-Range,654321
2026-02-02 17:00:00,XAUUSD,LONG,4674.072,4659.408203125,0.1,GoldResearch-Range,654321
2026-02-02 18:00:00,XAUUSD,SHORT,4657.963,4673.5595703125,0.1,GoldResearch-Range,654321
2026-02-02 19:00:00,XAUUSD,SHORT,4685.389,4707.8134765625,0.1,GoldResearch-Range,654321
2026-02-02 20:00:00,XAUUSD,SHORT,4652.306,4673.42822265625,0.1,GoldResearch-Range,654321
2026-02-02 21:00:00,XAUUSD,SHORT,4658.154,4669.2646484375,0.1,GoldResearch-Range,654321
2026-02-02 23:00:00,XAUUSD,LONG,4774.148,4754.625,0.1,GoldResearch-Range,654321
2026-02-03 10:00:00,XAUUSD,LONG,4902.434,4889.544921875,0.1,GoldResearch-Range,654321
2026-02-03 14:00:00,XAUUSD,LONG,4917.282,4905.57568359375,0.1,GoldResearch-Range,654321
2026-02-03 15:00:00,XAUUSD,LONG,4935.431,4922.3662109375,0.1,GoldResearch-Range,654321
2026-02-03 16:00:00,XAUUSD,LONG,4955.65,4940.728515625,0.1,GoldResearch-Range,654321
2026-02-03 17:00:00,XAUUSD,LONG,4929.189,4915.4580078125,0.1,GoldResearch-Range,654321
2026-02-03 21:00:00,XAUUSD,LONG,4946.436,4935.05029296875,0.1,GoldResearch-Range,654321
2026-02-03 23:00:00,XAUUSD,LONG,4947.171,4931.5634765625,0.1,GoldResearch-Range,654321
2026-02-04 00:00:00,XAUUSD,LONG,5015.604,4997.27880859375,0.1,GoldResearch-Range,654321
2026-02-04 01:00:00,XAUUSD,LONG,5046.408,5019.306640625,0.1,GoldResearch-Range,654321
2026-02-04 02:00:00,XAUUSD,LONG,5040.484,5027.26416015625,0.1,GoldResearch-Range,654321
2026-02-04 04:00:00,XAUUSD,LONG,5080.471,5063.86328125,0.1,GoldResearch-Range,654321
2026-02-04 06:00:00,XAUUSD,LONG,5076.585,5062.435546875,0.1,GoldResearch-Range,654321
2026-02-04 12:00:00,XAUUSD,LONG,5040.872,5031.1396484375,0.1,GoldResearch-Range,654321
2026-02-04 13:00:00,XAUUSD,LONG,5053.93,5041.47900390625,0.1,GoldResearch-Range,654321
2026-02-04 14:00:00,XAUUSD,SHORT,4986.367,5002.765625,0.1,GoldResearch-Range,654321
2026-02-04 15:00:00,XAUUSD,SHORT,4920.507,4960.27734375,0.1,GoldResearch-Range,654321
2026-02-04 16:00:00,XAUUSD,SHORT,4904.518,4931.12841796875,0.1,GoldResearch-Range,654321
2026-02-04 17:00:00,XAUUSD,SHORT,4898.163,4913.96728515625,0.1,GoldResearch-Range,654321
2026-02-04 18:00:00,XAUUSD,SHORT,4927.37,4945.56640625,0.1,GoldResearch-Range,654321
2026-02-04 19:00:00,XAUUSD,LONG,4941.839,4928.8193359375,0.1,GoldResearch-Range,654321
2026-02-04 20:00:00,XAUUSD,LONG,4938.664,4926.49658203125,0.1,GoldResearch-Range,654321
2026-02-04 21:00:00,XAUUSD,SHORT,4965.131,4976.1591796875,0.1,GoldResearch-Range,654321
2026-02-04 23:00:00,XAUUSD,LONG,5012.195,4996.57373046875,0.1,GoldResearch-Range,654321
2026-02-05 01:00:00,XAUUSD,LONG,4958.921,4939.58349609375,0.1,GoldResearch-Range,654321
2026-02-05 02:00:00,XAUUSD,SHORT,4811.912,4838.05029296875,0.1,GoldResearch-Range,654321
2026-02-05 03:00:00,XAUUSD,SHORT,4880.524,4899.6875,0.1,GoldResearch-Range,654321
2026-02-05 04:00:00,XAUUSD,LONG,4863.565,4851.40966796875,0.1,GoldResearch-Range,654321
2026-02-05 05:00:00,XAUUSD,SHORT,4896.168,4913.3662109375,0.1,GoldResearch-Range,654321
2026-02-05 06:00:00,XAUUSD,SHORT,4920.37,4940.4990234375,0.1,GoldResearch-Range,654321
2026-02-05 07:00:00,XAUUSD,SHORT,4915.076,4926.96142578125,0.1,GoldResearch-Range,654321
2026-02-05 08:00:00,XAUUSD,SHORT,4912.104,4924.1025390625,0.1,GoldResearch-Range,654321
2026-02-05 09:00:00,XAUUSD,LONG,4855.121,4839.30224609375,0.1,GoldResearch-Range,654321
2026-02-05 10:00:00,XAUUSD,SHORT,4877.057,4887.54443359375,0.1,GoldResearch-Range,654321
2026-02-05 11:00:00,XAUUSD,SHORT,4868.27,4880.095703125,0.1,GoldResearch-Range,654321
2026-02-05 12:00:00,XAUUSD,SHORT,4854.024,4873.76171875,0.1,GoldResearch-Range,654321
2026-02-05 13:00:00,XAUUSD,SHORT,4835.441,4851.50390625,0.1,GoldResearch-Range,654321
2026-02-05 14:00:00,XAUUSD,SHORT,4846.488,4862.58740234375,0.1,GoldResearch-Range,654321
2026-02-05 15:00:00,XAUUSD,LONG,4817.668,4802.40380859375,0.1,GoldResearch-Range,654321
2026-02-05 16:00:00,XAUUSD,SHORT,4888.861,4906.05859375,0.1,GoldResearch-Range,654321
2026-02-05 17:00:00,XAUUSD,LONG,4869.308,4858.42919921875,0.1,GoldResearch-Range,654321
2026-02-05 18:00:00,XAUUSD,SHORT,4858.207,4867.138671875,0.1,GoldResearch-Range,654321
2026-02-05 19:00:00,XAUUSD,SHORT,4829.26,4842.287109375,0.1,GoldResearch-Range,654321
2026-02-05 20:00:00,XAUUSD,LONG,4811.356,4797.763671875,0.1,GoldResearch-Range,654321
2026-02-05 21:00:00,XAUUSD,SHORT,4776.808,4791.9482421875,0.1,GoldResearch-Range,654321
2026-02-05 23:00:00,XAUUSD,SHORT,4703.69,4731.21826171875,0.1,GoldResearch-Range,654321
2026-02-06 00:00:00,XAUUSD,LONG,4762.782,4738.474609375,0.1,GoldResearch-Range,654321
2026-02-06 01:00:00,XAUUSD,SHORT,4774.104,4808.98193359375,0.1,GoldResearch-Range,654321
2026-02-06 02:00:00,XAUUSD,SHORT,4816.58,4837.68994140625,0.1,GoldResearch-Range,654321
2026-02-06 03:00:00,XAUUSD,LONG,4824.288,4812.7236328125,0.1,GoldResearch-Range,654321
2026-02-06 04:00:00,XAUUSD,SHORT,4813.801,4822.47607421875,0.1,GoldResearch-Range,654321
2026-02-06 05:00:00,XAUUSD,LONG,4897.571,4877.54296875,0.1,GoldResearch-Range,654321
2026-02-06 07:00:00,XAUUSD,SHORT,4841.062,4851.98486328125,0.1,GoldResearch-Range,654321
2026-02-06 09:00:00,XAUUSD,LONG,4866.547,4853.5615234375,0.1,GoldResearch-Range,654321
2026-02-06 10:00:00,XAUUSD,LONG,4878.469,4866.8466796875,0.1,GoldResearch-Range,654321
2026-02-06 13:00:00,XAUUSD,LONG,4928.992,4917.0634765625,0.1,GoldResearch-Range,654321
2026-02-06 14:00:00,XAUUSD,LONG,4947.915,4934.2119140625,0.1,GoldResearch-Range,654321
2026-02-06 18:00:00,XAUUSD,LONG,4962.606,4952.30419921875,0.1,GoldResearch-Range,654321
2026-02-06 19:00:00,XAUUSD,LONG,4957.112,4949.92578125,0.1,GoldResearch-Range,654321
2026-02-08 23:00:00,XAUUSD,LONG,5035.944,5015.3505859375,0.1,GoldResearch-Range,654321
2026-02-09 00:00:00,XAUUSD,LONG,5019.848,5003.53564453125,0.1,GoldResearch-Range,654321
2026-02-09 04:00:00,XAUUSD,LONG,5012.05,5001.7216796875,0.1,GoldResearch-Range,654321
2026-02-09 05:00:00,XAUUSD,LONG,5036.841,5025.2470703125,0.1,GoldResearch-Range,654321
2026-02-09 09:00:00,XAUUSD,LONG,5007.816,4995.484375,0.1,GoldResearch-Range,654321
2026-02-09 12:00:00,XAUUSD,LONG,5013.4,5006.32373046875,0.1,GoldResearch-Range,654321
2026-02-09 15:00:00,XAUUSD,LONG,5058.801,5046.22607421875,0.1,GoldResearch-Range,654321
2026-02-09 19:00:00,XAUUSD,LONG,5074.556,5066.10302734375,0.1,GoldResearch-Range,654321
2026-02-09 20:00:00,XAUUSD,LONG,5079.742,5072.572265625,0.1,GoldResearch-Range,654321
2026-02-10 00:00:00,XAUUSD,SHORT,5018.626,5030.650390625,0.1,GoldResearch-Range,654321
2026-02-10 02:00:00,XAUUSD,LONG,5038.458,5029.06494140625,0.1,GoldResearch-Range,654321
2026-02-10 06:00:00,XAUUSD,LONG,5024.363,5014.4638671875,0.1,GoldResearch-Range,654321
2026-02-10 12:00:00,XAUUSD,SHORT,5032.116,5044.28466796875,0.1,GoldResearch-Range,654321
2026-02-10 14:00:00,XAUUSD,LONG,5039.734,5025.38525390625,0.1,GoldResearch-Range,654321
2026-02-10 15:00:00,XAUUSD,LONG,5019.71,5005.08642578125,0.1,GoldResearch-Range,654321
2026-02-10 16:00:00,XAUUSD,SHORT,5023.7,5032.12646484375,0.1,GoldResearch-Range,654321
2026-02-10 17:00:00,XAUUSD,SHORT,5026.344,5033.6005859375,0.1,GoldResearch-Range,654321
2026-02-10 18:00:00,XAUUSD,SHORT,5013.256,5021.70556640625,0.1,GoldResearch-Range,654321
2026-02-10 19:00:00,XAUUSD,SHORT,5028.033,5036.8330078125,0.1,GoldResearch-Range,654321
2026-02-10 20:00:00,XAUUSD,SHORT,5030.357,5039.67822265625,0.1,GoldResearch-Range,654321
2026-02-10 21:00:00,XAUUSD,SHORT,5023.044,5028.8876953125,0.1,GoldResearch-Range,654321
2026-02-10 23:00:00,XAUUSD,LONG,5041.55,5031.6171875,0.1,GoldResearch-Range,654321
2026-02-11 03:00:00,XAUUSD,LONG,5054.498,5047.3701171875,0.1,GoldResearch-Range,654321
2026-02-11 23:00:00,XAUUSD,SHORT,5061.397,5073.63623046875,0.1,GoldResearch-Range,654321
2026-02-12 00:00:00,XAUUSD,SHORT,5063.195,5071.2880859375,0.1,GoldResearch-Range,654321
2026-02-12 01:00:00,XAUUSD,SHORT,5063.517,5071.51513671875,0.1,GoldResearch-Range,654321
2026-02-12 02:00:00,XAUUSD,SHORT,5065.887,5073.40576171875,0.1,GoldResearch-Range,654321
2026-02-12 03:00:00,XAUUSD,SHORT,5056.963,5064.26318359375,0.1,GoldResearch-Range,654321
2026-02-12 06:00:00,XAUUSD,SHORT,5059.665,5070.4794921875,0.1,GoldResearch-Range,654321
2026-02-12 07:00:00,XAUUSD,LONG,5063.657,5056.3984375,0.1,GoldResearch-Range,654321
2026-02-12 10:00:00,XAUUSD,SHORT,5062.031,5070.6328125,0.1,GoldResearch-Range,654321
2026-02-12 11:00:00,XAUUSD,LONG,5064.054,5058.416015625,0.1,GoldResearch-Range,654321
2026-02-12 12:00:00,XAUUSD,SHORT,5052.582,5060.45361328125,0.1,GoldResearch-Range,654321
2026-02-12 14:00:00,XAUUSD,SHORT,5044.472,5056.78369140625,0.1,GoldResearch-Range,654321
2026-02-12 15:00:00,XAUUSD,SHORT,5060.623,5072.21142578125,0.1,GoldResearch-Range,654321
2026-02-12 16:00:00,XAUUSD,LONG,4954.448,4926.3095703125,0.1,GoldResearch-Range,654321
2026-02-12 17:00:00,XAUUSD,SHORT,4941.095,4963.04541015625,0.1,GoldResearch-Range,654321
2026-02-12 18:00:00,XAUUSD,LONG,4935.82,4922.81591796875,0.1,GoldResearch-Range,654321
2026-02-12 19:00:00,XAUUSD,LONG,4945.649,4931.44580078125,0.1,GoldResearch-Range,654321
2026-02-12 20:00:00,XAUUSD,SHORT,4915.029,4927.0078125,0.1,GoldResearch-Range,654321
2026-02-12 21:00:00,XAUUSD,SHORT,4922.28,4935.48193359375,0.1,GoldResearch-Range,654321
2026-02-12 23:00:00,XAUUSD,SHORT,4920.14,4932.29296875,0.1,GoldResearch-Range,654321
2026-02-13 00:00:00,XAUUSD,SHORT,4928.091,4947.14892578125,0.1,GoldResearch-Range,654321
2026-02-13 01:00:00,XAUUSD,LONG,4980.547,4956.19091796875,0.1,GoldResearch-Range,654321
2026-02-13 02:00:00,XAUUSD,LONG,4988.512,4980.38330078125,0.1,GoldResearch-Range,654321
2026-02-13 03:00:00,XAUUSD,LONG,4981.499,4974.47412109375,0.1,GoldResearch-Range,654321
2026-02-13 04:00:00,XAUUSD,LONG,4976.736,4967.56787109375,0.1,GoldResearch-Range,654321
2026-02-13 05:00:00,XAUUSD,SHORT,4946.451,4958.57470703125,0.1,GoldResearch-Range,654321
2026-02-13 06:00:00,XAUUSD,SHORT,4967.182,4976.32958984375,0.1,GoldResearch-Range,654321
2026-02-13 07:00:00,XAUUSD,SHORT,4974.862,4986.02001953125,0.1,GoldResearch-Range,654321
2026-02-13 08:00:00,XAUUSD,SHORT,4982.428,4989.91357421875,0.1,GoldResearch-Range,654321
2026-02-13 09:00:00,XAUUSD,LONG,4970.387,4962.63037109375,0.1,GoldResearch-Range,654321
2026-02-13 10:00:00,XAUUSD,SHORT,4950.297,4961.2890625,0.1,GoldResearch-Range,654321
2026-02-13 11:00:00,XAUUSD,SHORT,4954.047,4962.716796875,0.1,GoldResearch-Range,654321
2026-02-13 12:00:00,XAUUSD,SHORT,4969.4,4978.0966796875,0.1,GoldResearch-Range,654321
2026-02-13 14:00:00,XAUUSD,LONG,4995.804,4981.96826171875,0.1,GoldResearch-Range,654321
2026-02-13 15:00:00,XAUUSD,SHORT,4976.994,4989.140625,0.1,GoldResearch-Range,654321
2026-02-13 20:00:00,XAUUSD,LONG,5032.491,5025.27734375,0.1,GoldResearch-Range,654321
2026-02-13 21:00:00,XAUUSD,LONG,5042.605,5035.18408203125,0.1,GoldResearch-Range,654321
2026-02-16 02:00:00,XAUUSD,SHORT,4994.619,5006.576171875,0.1,GoldResearch-Range,654321
2026-02-16 03:00:00,XAUUSD,SHORT,4987.733,4996.7978515625,0.1,GoldResearch-Range,654321
2026-02-16 04:00:00,XAUUSD,SHORT,4977.865,4985.822265625,0.1,GoldResearch-Range,654321
2026-02-16 05:00:00,XAUUSD,LONG,4990.714,4981.18798828125,0.1,GoldResearch-Range,654321
2026-02-16 06:00:00,XAUUSD,SHORT,4994.98,5002.8525390625,0.1,GoldResearch-Range,654321
2026-02-16 09:00:00,XAUUSD,LONG,5013.602,5007.64892578125,0.1,GoldResearch-Range,654321
2026-02-16 12:00:00,XAUUSD,LONG,5001.91,4994.6591796875,0.1,GoldResearch-Range,654321
2026-02-16 13:00:00,XAUUSD,LONG,4997.458,4990.4912109375,0.1,GoldResearch-Range,654321
2026-02-16 14:00:00,XAUUSD,SHORT,4988.216,4996.189453125,0.1,GoldResearch-Range,654321
2026-02-16 15:00:00,XAUUSD,SHORT,4979.75,4987.140625,0.1,GoldResearch-Range,654321
2026-02-16 16:00:00,XAUUSD,SHORT,4988.09,4995.71484375,0.1,GoldResearch-Range,654321
2026-02-16 17:00:00,XAUUSD,SHORT,4991.455,4996.552734375,0.1,GoldResearch-Range,654321
2026-02-16 18:00:00,XAUUSD,SHORT,4994.708,5000.02734375,0.1,GoldResearch-Range,654321
2026-02-16 19:00:00,XAUUSD,SHORT,4993.895,4998.76904296875,0.1,GoldResearch-Range,654321
2026-02-16 23:00:00,XAUUSD,LONG,4989.993,4982.75927734375,0.1,GoldResearch-Range,654321
2026-02-17 00:00:00,XAUUSD,LONG,4935.712,4920.63427734375,0.1,GoldResearch-Range,654321
2026-02-17 01:00:00,XAUUSD,SHORT,4957.944,4970.49755859375,0.1,GoldResearch-Range,654321
2026-02-17 02:00:00,XAUUSD,SHORT,4967.04,4974.279296875,0.1,GoldResearch-Range,654321
2026-02-17 03:00:00,XAUUSD,SHORT,4956.824,4964.07080078125,0.1,GoldResearch-Range,654321
2026-02-17 04:00:00,XAUUSD,LONG,4952.816,4945.71630859375,0.1,GoldResearch-Range,654321
2026-02-17 05:00:00,XAUUSD,LONG,4888.634,4869.53857421875,0.1,GoldResearch-Range,654321
2026-02-17 06:00:00,XAUUSD,SHORT,4910.377,4921.203125,0.1,GoldResearch-Range,654321
2026-02-17 07:00:00,XAUUSD,SHORT,4917.021,4924.681640625,0.1,GoldResearch-Range,654321
2026-02-17 08:00:00,XAUUSD,SHORT,4920.77,4937.646484375,0.1,GoldResearch-Range,654321
2026-02-17 09:00:00,XAUUSD,SHORT,4925.991,4933.865234375,0.1,GoldResearch-Range,654321
2026-02-17 10:00:00,XAUUSD,SHORT,4913.155,4924.064453125,0.1,GoldResearch-Range,654321
2026-02-17 11:00:00,XAUUSD,SHORT,4929.148,4936.7138671875,0.1,GoldResearch-Range,654321
2026-02-17 12:00:00,XAUUSD,LONG,4932.27,4925.1201171875,0.1,GoldResearch-Range,654321
2026-02-17 13:00:00,XAUUSD,LONG,4870.572,4854.70263671875,0.1,GoldResearch-Range,654321
2026-02-17 14:00:00,XAUUSD,SHORT,4864.151,4882.09765625,0.1,GoldResearch-Range,654321
2026-02-17 15:00:00,XAUUSD,SHORT,4878.263,4888.98779296875,0.1,GoldResearch-Range,654321
2026-02-17 16:00:00,XAUUSD,SHORT,4869.289,4880.75390625,0.1,GoldResearch-Range,654321
2026-02-17 17:00:00,XAUUSD,SHORT,4865.243,4873.21484375,0.1,GoldResearch-Range,654321
2026-02-17 18:00:00,XAUUSD,LONG,4898.979,4885.326171875,0.1,GoldResearch-Range,654321
2026-02-17 19:00:00,XAUUSD,LONG,4880.453,4871.16259765625,0.1,GoldResearch-Range,654321
2026-02-17 20:00:00,XAUUSD,SHORT,4878.095,4884.0625,0.1,GoldResearch-Range,654321
2026-02-17 21:00:00,XAUUSD,SHORT,4878.018,4885.1689453125,0.1,GoldResearch-Range,654321
2026-02-17 23:00:00,XAUUSD,SHORT,4859.523,4870.3134765625,0.1,GoldResearch-Range,654321
2026-02-18 00:00:00,XAUUSD,SHORT,4874.933,4883.91552734375,0.1,GoldResearch-Range,654321
2026-02-18 01:00:00,XAUUSD,SHORT,4889.833,4897.6494140625,0.1,GoldResearch-Range,654321
2026-02-18 03:00:00,XAUUSD,LONG,4920.873,4912.5673828125,0.1,GoldResearch-Range,654321
2026-02-18 05:00:00,XAUUSD,LONG,4933.39,4927.39013671875,0.1,GoldResearch-Range,654321
2026-02-18 07:00:00,XAUUSD,LONG,4930.324,4923.2568359375,0.1,GoldResearch-Range,654321
2026-02-18 08:00:00,XAUUSD,LONG,4917.216,4909.9794921875,0.1,GoldResearch-Range,654321
2026-02-18 09:00:00,XAUUSD,LONG,4917.431,4911.64404296875,0.1,GoldResearch-Range,654321
2026-02-18 10:00:00,XAUUSD,LONG,4914.522,4907.28955078125,0.1,GoldResearch-Range,654321
2026-02-18 11:00:00,XAUUSD,SHORT,4912.899,4918.6142578125,0.1,GoldResearch-Range,654321
2026-02-18 13:00:00,XAUUSD,LONG,4954.535,4944.96923828125,0.1,GoldResearch-Range,654321
2026-02-18 15:00:00,XAUUSD,LONG,4997.843,4987.43408203125,0.1,GoldResearch-Range,654321
2026-02-18 17:00:00,XAUUSD,LONG,4998.982,4993.65283203125,0.1,GoldResearch-Range,654321
2026-02-18 23:00:00,XAUUSD,LONG,4976.152,4966.50439453125,0.1,GoldResearch-Range,654321
2026-02-19 00:00:00,XAUUSD,LONG,4961.381,4954.07958984375,0.1,GoldResearch-Range,654321
2026-02-19 01:00:00,XAUUSD,LONG,4972.987,4965.66845703125,0.1,GoldResearch-Range,654321
2026-02-19 05:00:00,XAUUSD,LONG,4997.064,4990.0107421875,0.1,GoldResearch-Range,654321
2026-02-19 08:00:00,XAUUSD,LONG,5017.083,5009.69970703125,0.1,GoldResearch-Range,654321
2026-02-19 09:00:00,XAUUSD,LONG,4995.787,4985.95068359375,0.1,GoldResearch-Range,654321
2026-02-19 13:00:00,XAUUSD,LONG,4997.111,4987.265625,0.1,GoldResearch-Range,654321
2026-02-19 15:00:00,XAUUSD,LONG,5013.708,5003.830078125,0.1,GoldResearch-Range,654321
2026-02-19 17:00:00,XAUUSD,SHORT,4984.926,4992.38720703125,0.1,GoldResearch-Range,654321
2026-02-19 18:00:00,XAUUSD,SHORT,4981.815,4988.818359375,0.1,GoldResearch-Range,654321
2026-02-19 20:00:00,XAUUSD,LONG,5001.584,4994.33349609375,0.1,GoldResearch-Range,654321
2026-02-19 23:00:00,XAUUSD,SHORT,4987.657,4996.1845703125,0.1,GoldResearch-Range,654321
2026-02-20 03:00:00,XAUUSD,SHORT,4988.088,4995.73876953125,0.1,GoldResearch-Range,654321
2026-02-20 04:00:00,XAUUSD,LONG,4999.736,4992.5751953125,0.1,GoldResearch-Range,654321
2026-02-20 16:00:00,XAUUSD,LONG,5066.475,5055.72802734375,0.1,GoldResearch-Range,654321
2026-02-20 19:00:00,XAUUSD,LONG,5079.401,5072.52392578125,0.1,GoldResearch-Range,654321
2026-02-20 20:00:00,XAUUSD,LONG,5096.775,5087.7275390625,0.1,GoldResearch-Range,654321
2026-02-20 21:00:00,XAUUSD,LONG,5105.809,5098.49658203125,0.1,GoldResearch-Range,654321
2026-02-22 23:00:00,XAUUSD,LONG,5165.373,5149.10791015625,0.1,GoldResearch-Range,654321
2026-02-23 00:00:00,XAUUSD,LONG,5144.289,5131.962890625,0.1,GoldResearch-Range,654321
2026-02-23 03:00:00,XAUUSD,LONG,5166.854,5156.22998046875,0.1,GoldResearch-Range,654321
2026-02-23 04:00:00,XAUUSD,LONG,5160.691,5151.24560546875,0.1,GoldResearch-Range,654321
2026-02-23 05:00:00,XAUUSD,LONG,5158.228,5152.34716796875,0.1,GoldResearch-Range,654321
2026-02-23 06:00:00,XAUUSD,LONG,5145.739,5138.279296875,0.1,GoldResearch-Range,654321
2026-02-23 07:00:00,XAUUSD,LONG,5136.727,5125.11669921875,0.1,GoldResearch-Range,654321
2026-02-23 11:00:00,XAUUSD,LONG,5149.884,5142.30517578125,0.1,GoldResearch-Range,654321
2026-02-23 14:00:00,XAUUSD,LONG,5192.252,5177.66748046875,0.1,GoldResearch-Range,654321
2026-02-23 15:00:00,XAUUSD,LONG,5196.252,5186.81298828125,0.1,GoldResearch-Range,654321
2026-02-23 18:00:00,XAUUSD,LONG,5209.733,5202.5849609375,0.1,GoldResearch-Range,654321
2026-02-23 19:00:00,XAUUSD,LONG,5215.638,5208.69140625,0.1,GoldResearch-Range,654321
2026-02-23 21:00:00,XAUUSD,LONG,5227.899,5220.68896484375,0.1,GoldResearch-Range,654321
2026-02-23 23:00:00,XAUUSD,LONG,5235.933,5224.69677734375,0.1,GoldResearch-Range,654321
2026-02-24 03:00:00,XAUUSD,SHORT,5171.972,5179.4384765625,0.1,GoldResearch-Range,654321
2026-02-24 04:00:00,XAUUSD,SHORT,5168.322,5174.9375,0.1,GoldResearch-Range,654321
2026-02-24 06:00:00,XAUUSD,LONG,5173.388,5163.19580078125,0.1,GoldResearch-Range,654321
2026-02-24 08:00:00,XAUUSD,LONG,5173.481,5166.0712890625,0.1,GoldResearch-Range,654321
2026-02-24 09:00:00,XAUUSD,SHORT,5171.405,5178.92333984375,0.1,GoldResearch-Range,654321
2026-02-24 10:00:00,XAUUSD,SHORT,5172.535,5180.46923828125,0.1,GoldResearch-Range,654321
2026-02-24 11:00:00,XAUUSD,LONG,5172.835,5167.41259765625,0.1,GoldResearch-Range,654321
2026-02-24 12:00:00,XAUUSD,LONG,5150.521,5140.4873046875,0.1,GoldResearch-Range,654321
2026-02-24 13:00:00,XAUUSD,LONG,5115.082,5100.51904296875,0.1,GoldResearch-Range,654321
2026-02-24 14:00:00,XAUUSD,SHORT,5128.269,5141.25390625,0.1,GoldResearch-Range,654321
2026-02-24 15:00:00,XAUUSD,SHORT,5150.191,5161.51318359375,0.1,GoldResearch-Range,654321
2026-02-24 16:00:00,XAUUSD,SHORT,5141.623,5149.77392578125,0.1,GoldResearch-Range,654321
2026-02-24 18:00:00,XAUUSD,LONG,5160.21,5152.7294921875,0.1,GoldResearch-Range,654321
2026-02-24 19:00:00,XAUUSD,LONG,5154.063,5146.6748046875,0.1,GoldResearch-Range,654321
2026-02-24 21:00:00,XAUUSD,SHORT,5143.82,5153.904296875,0.1,GoldResearch-Range,654321
2026-02-24 23:00:00,XAUUSD,SHORT,5146.578,5155.37744140625,0.1,GoldResearch-Range,654321
2026-02-25 00:00:00,XAUUSD,SHORT,5152.195,5160.4306640625,0.1,GoldResearch-Range,654321
2026-02-25 02:00:00,XAUUSD,LONG,5180.43,5170.42822265625,0.1,GoldResearch-Range,654321
2026-02-25 05:00:00,XAUUSD,LONG,5201.72,5191.58642578125,0.1,GoldResearch-Range,654321
2026-02-25 07:00:00,XAUUSD,LONG,5184.635,5177.20263671875,0.1,GoldResearch-Range,654321
2026-02-25 11:00:00,XAUUSD,LONG,5181.522,5171.3134765625,0.1,GoldResearch-Range,654321
2026-02-25 12:00:00,XAUUSD,LONG,5182.873,5176.71875,0.1,GoldResearch-Range,654321
2026-02-25 15:00:00,XAUUSD,LONG,5194.94,5184.705078125,0.1,GoldResearch-Range,654321
2026-02-25 19:00:00,XAUUSD,LONG,5205.091,5197.54541015625,0.1,GoldResearch-Range,654321
2026-02-25 20:00:00,XAUUSD,SHORT,5151.966,5168.12646484375,0.1,GoldResearch-Range,654321
2026-02-25 21:00:00,XAUUSD,SHORT,5169.177,5178.69580078125,0.1,GoldResearch-Range,654321
2026-02-25 23:00:00,XAUUSD,SHORT,5163.219,5170.6728515625,0.1,GoldResearch-Range,654321
2026-02-26 03:00:00,XAUUSD,LONG,5192.676,5186.67919921875,0.1,GoldResearch-Range,654321
2026-02-26 06:00:00,XAUUSD,LONG,5193.0,5187.21826171875,0.1,GoldResearch-Range,654321
2026-02-26 07:00:00,XAUUSD,LONG,5185.811,5178.37744140625,0.1,GoldResearch-Range,654321
2026-02-26 08:00:00,XAUUSD,SHORT,5179.113,5187.80810546875,0.1,GoldResearch-Range,654321
2026-02-26 09:00:00,XAUUSD,LONG,5186.244,5178.61181640625,0.1,GoldResearch-Range,654321
2026-02-26 10:00:00,XAUUSD,SHORT,5171.244,5179.96044921875,0.1,GoldResearch-Range,654321
2026-02-26 11:00:00,XAUUSD,LONG,5164.476,5157.0791015625,0.1,GoldResearch-Range,654321
2026-02-26 13:00:00,XAUUSD,SHORT,5166.39,5175.16015625,0.1,GoldResearch-Range,654321
2026-02-26 14:00:00,XAUUSD,SHORT,5164.799,5176.38330078125,0.1,GoldResearch-Range,654321
2026-02-26 15:00:00,XAUUSD,LONG,5185.31,5170.94970703125,0.1,GoldResearch-Range,654321
2026-02-26 16:00:00,XAUUSD,SHORT,5179.67,5186.54248046875,0.1,GoldResearch-Range,654321
2026-02-26 17:00:00,XAUUSD,LONG,5167.003,5157.140625,0.1,GoldResearch-Range,654321
2026-02-26 19:00:00,XAUUSD,LONG,5187.105,5179.66943359375,0.1,GoldResearch-Range,654321
2026-02-26 20:00:00,XAUUSD,LONG,5196.183,5188.8486328125,0.1,GoldResearch-Range,654321
2026-02-26 21:00:00,XAUUSD,LONG,5184.92,5177.28955078125,0.1,GoldResearch-Range,654321
2026-02-27 00:00:00,XAUUSD,SHORT,5174.668,5183.72412109375,0.1,GoldResearch-Range,654321
2026-02-27 01:00:00,XAUUSD,LONG,5193.83,5183.59716796875,0.1,GoldResearch-Range,654321
2026-02-27 04:00:00,XAUUSD,SHORT,5181.703,5186.9951171875,0.1,GoldResearch-Range,654321
2026-02-27 06:00:00,XAUUSD,LONG,5185.706,5178.2724609375,0.1,GoldResearch-Range,654321
2026-02-27 07:00:00,XAUUSD,LONG,5176.095,5168.67529296875,0.1,GoldResearch-Range,654321
2026-02-27 08:00:00,XAUUSD,SHORT,5178.807,5184.28857421875,0.1,GoldResearch-Range,654321
2026-02-27 09:00:00,XAUUSD,SHORT,5175.758,5181.5234375,0.1,GoldResearch-Range,654321
2026-02-27 10:00:00,XAUUSD,SHORT,5177.663,5184.0810546875,0.1,GoldResearch-Range,654321
2026-02-27 11:00:00,XAUUSD,LONG,5185.375,5178.1357421875,0.1,GoldResearch-Range,654321
2026-02-27 13:00:00,XAUUSD,LONG,5223.198,5208.52685546875,0.1,GoldResearch-Range,654321
2026-02-27 14:00:00,XAUUSD,LONG,5223.762,5214.0673828125,0.1,GoldResearch-Range,654321
2026-02-27 15:00:00,XAUUSD,LONG,5239.359,5228.2451171875,0.1,GoldResearch-Range,654321
2026-02-27 17:00:00,XAUUSD,LONG,5234.421,5226.7177734375,0.1,GoldResearch-Range,654321
2026-02-27 20:00:00,XAUUSD,LONG,5263.229,5255.59912109375,0.1,GoldResearch-Range,654321
2026-02-27 21:00:00,XAUUSD,LONG,5279.022,5269.06591796875,0.1,GoldResearch-Range,654321
2026-03-02 00:00:00,XAUUSD,LONG,5347.326,5330.62841796875,0.1,GoldResearch-Range,654321
2026-03-02 03:00:00,XAUUSD,LONG,5366.285,5350.87548828125,0.1,GoldResearch-Range,654321
2026-03-02 04:00:00,XAUUSD,LONG,5356.029,5345.33056640625,0.1,GoldResearch-Range,654321
2026-03-02 05:00:00,XAUUSD,LONG,5365.943,5354.69775390625,0.1,GoldResearch-Range,654321
2026-03-02 06:00:00,XAUUSD,LONG,5387.439,5373.45458984375,0.1,GoldResearch-Range,654321
2026-03-02 07:00:00,XAUUSD,LONG,5407.789,5392.091796875,0.1,GoldResearch-Range,654321
2026-03-02 08:00:00,XAUUSD,LONG,5393.835,5377.39794921875,0.1,GoldResearch-Range,654321
2026-03-02 09:00:00,XAUUSD,LONG,5391.776,5381.59375,0.1,GoldResearch-Range,654321
2026-03-02 14:00:00,XAUUSD,SHORT,5333.62,5352.4970703125,0.1,GoldResearch-Range,654321
2026-03-02 15:00:00,XAUUSD,SHORT,5316.053,5329.384765625,0.1,GoldResearch-Range,654321
2026-03-02 16:00:00,XAUUSD,LONG,5290.232,5275.4951171875,0.1,GoldResearch-Range,654321
2026-03-02 17:00:00,XAUUSD,LONG,5306.382,5293.08154296875,0.1,GoldResearch-Range,654321
2026-03-02 18:00:00,XAUUSD,SHORT,5315.279,5324.95361328125,0.1,GoldResearch-Range,654321
2026-03-02 20:00:00,XAUUSD,LONG,5332.341,5324.61083984375,0.1,GoldResearch-Range,654321
2026-03-02 21:00:00,XAUUSD,SHORT,5322.103,5330.6103515625,0.1,GoldResearch-Range,654321
2026-03-03 05:00:00,XAUUSD,LONG,5318.883,5303.73974609375,0.1,GoldResearch-Range,654321
2026-03-03 06:00:00,XAUUSD,LONG,5310.496,5296.38818359375,0.1,GoldResearch-Range,654321
2026-03-03 07:00:00,XAUUSD,SHORT,5327.461,5336.78466796875,0.1,GoldResearch-Range,654321
2026-03-03 08:00:00,XAUUSD,SHORT,5295.418,5308.08349609375,0.1,GoldResearch-Range,654321
2026-03-03 09:00:00,XAUUSD,SHORT,5274.747,5291.54052734375,0.1,GoldResearch-Range,654321
2026-03-03 10:00:00,XAUUSD,LONG,5248.377,5233.4345703125,0.1,GoldResearch-Range,654321
2026-03-03 11:00:00,XAUUSD,SHORT,5144.538,5185.416015625,0.1,GoldResearch-Range,654321
2026-03-03 12:00:00,XAUUSD,LONG,5224.34,5204.130859375,0.1,GoldResearch-Range,654321
2026-03-03 13:00:00,XAUUSD,SHORT,5156.412,5190.65673828125,0.1,GoldResearch-Range,654321
2026-03-03 14:00:00,XAUUSD,SHORT,5038.123,5075.53076171875,0.1,GoldResearch-Range,654321
2026-03-03 15:00:00,XAUUSD,SHORT,5095.336,5131.9052734375,0.1,GoldResearch-Range,654321
2026-03-03 16:00:00,XAUUSD,SHORT,5106.513,5122.478515625,0.1,GoldResearch-Range,654321
2026-03-03 17:00:00,XAUUSD,SHORT,5078.935,5093.400390625,0.1,GoldResearch-Range,654321
2026-03-03 18:00:00,XAUUSD,SHORT,5136.081,5158.33349609375,0.1,GoldResearch-Range,654321
2026-03-03 19:00:00,XAUUSD,LONG,5113.296,5098.9951171875,0.1,GoldResearch-Range,654321
2026-03-03 20:00:00,XAUUSD,SHORT,5097.119,5114.39697265625,0.1,GoldResearch-Range,654321
2026-03-03 21:00:00,XAUUSD,SHORT,5090.324,5102.07861328125,0.1,GoldResearch-Range,654321
2026-03-03 23:00:00,XAUUSD,SHORT,5125.083,5135.6376953125,0.1,GoldResearch-Range,654321
2026-03-04 00:00:00,XAUUSD,LONG,5138.584,5127.0263671875,0.1,GoldResearch-Range,654321
2026-03-04 01:00:00,XAUUSD,SHORT,5174.636,5186.91064453125,0.1,GoldResearch-Range,654321
2026-03-04 02:00:00,XAUUSD,LONG,5155.952,5142.93896484375,0.1,GoldResearch-Range,654321
2026-03-04 03:00:00,XAUUSD,SHORT,5174.323,5185.72509765625,0.1,GoldResearch-Range,654321
2026-03-04 04:00:00,XAUUSD,LONG,5156.766,5146.92333984375,0.1,GoldResearch-Range,654321
2026-03-04 05:00:00,XAUUSD,LONG,5159.979,5152.4990234375,0.1,GoldResearch-Range,654321
2026-03-04 06:00:00,XAUUSD,SHORT,5160.506,5173.1005859375,0.1,GoldResearch-Range,654321
2026-03-04 07:00:00,XAUUSD,LONG,5168.182,5159.41748046875,0.1,GoldResearch-Range,654321
2026-03-04 08:00:00,XAUUSD,SHORT,5167.386,5178.630859375,0.1,GoldResearch-Range,654321
2026-03-04 09:00:00,XAUUSD,LONG,5182.407,5172.59033203125,0.1,GoldResearch-Range,654321
2026-03-04 12:00:00,XAUUSD,LONG,5171.045,5155.62255859375,0.1,GoldResearch-Range,654321
2026-03-04 13:00:00,XAUUSD,LONG,5168.001,5157.82568359375,0.1,GoldResearch-Range,654321
2026-03-04 14:00:00,XAUUSD,SHORT,5146.73,5159.291015625,0.1,GoldResearch-Range,654321
2026-03-04 15:00:00,XAUUSD,SHORT,5151.399,5162.72412109375,0.1,GoldResearch-Range,654321
2026-03-04 16:00:00,XAUUSD,SHORT,5149.724,5158.73681640625,0.1,GoldResearch-Range,654321
2026-03-04 17:00:00,XAUUSD,SHORT,5140.783,5151.9697265625,0.1,GoldResearch-Range,654321
2026-03-04 18:00:00,XAUUSD,SHORT,5133.877,5145.27685546875,0.1,GoldResearch-Range,654321
2026-03-04 19:00:00,XAUUSD,LONG,5135.926,5131.4404296875,0.1,GoldResearch-Range,654321
