time,action,entry,exit,outcome,pnl_dollars,balance
2026-01-14 20:30:00,SHORT,4629.61,4614.61,WIN,150.0,10150.0
2026-01-14 20:35:00,SHORT,4618.68,4609.28,LOSS,94.00000000000546,10244.000000000005
2026-01-14 20:45:00,SHORT,4607.8,4606.08,LOSS,17.200000000002547,10261.200000000008
2026-01-15 12:05:00,LONG,4604.73,4608.58,LOSS,38.50000000000364,10299.700000000012
2026-01-15 12:15:00,LONG,4609.1,4604.1,LOSS,-50.0,10249.700000000012
2026-01-15 16:35:00,LONG,4618.02,4613.02,LOSS,-50.0,10199.700000000012
2026-01-15 19:15:00,SHORT,4605.38,4610.38,LOSS,-50.0,10149.700000000012
2026-01-15 19:30:00,SHORT,4595.18,4600.18,LOSS,-50.0,10099.700000000012
2026-01-16 02:05:00,SHORT,4605.92,4610.92,LOSS,-50.0,10049.700000000012
2026-01-16 06:00:00,SHORT,4606.85,4596.45,LOSS,104.00000000000546,10153.700000000017
2026-01-16 06:30:00,SHORT,4603.94,4594.82,LOSS,91.19999999999891,10244.900000000016
2026-01-19 05:00:00,LONG,4649.1,4656.83,LOSS,77.29999999999563,10322.200000000012
2026-01-19 05:15:00,LONG,4663.88,4658.88,LOSS,-50.0,10272.200000000012
2026-01-19 05:20:00,LONG,4673.37,4668.37,LOSS,-50.0,10222.200000000012
2026-01-19 12:30:00,LONG,4674.75,4669.75,LOSS,-50.0,10172.200000000012
2026-01-19 12:50:00,LONG,4676.58,4671.58,LOSS,-50.0,10122.200000000012
2026-01-19 13:10:00,SHORT,4669.84,4669.13,LOSS,7.100000000000364,10129.300000000012
2026-01-19 13:15:00,SHORT,4664.6,4669.6,LOSS,-50.0,10079.300000000012
2026-01-19 18:15:00,LONG,4670.28,4665.28,LOSS,-50.0,10029.300000000012
2026-01-19 21:35:00,LONG,4669.75,4675.6,LOSS,58.50000000000364,10087.800000000016
2026-01-19 21:45:00,LONG,4672.58,4676.12,LOSS,35.399999999999636,10123.200000000015
2026-01-19 21:50:00,LONG,4675.01,4670.01,LOSS,-50.0,10073.200000000015
2026-01-20 06:10:00,SHORT,4668.14,4673.14,LOSS,-50.0,10023.200000000015
2026-01-20 06:15:00,SHORT,4665.73,4670.73,LOSS,-50.0,9973.200000000015
2026-01-20 06:20:00,SHORT,4664.3,4669.3,LOSS,-50.0,9923.200000000015
2026-01-20 06:25:00,SHORT,4659.85,4664.85,LOSS,-50.0,9873.200000000015
2026-01-20 07:00:00,LONG,4668.46,4679.77,LOSS,113.100000000004,9986.30000000002
2026-01-20 07:30:00,LONG,4674.61,4686.12,LOSS,115.10000000000218,10101.400000000021
2026-01-20 09:30:00,LONG,4675.68,4690.68,WIN,150.0,10251.400000000021
2026-01-20 09:50:00,LONG,4680.28,4695.28,WIN,150.0,10401.400000000021
2026-01-20 10:15:00,LONG,4682.73,4697.73,WIN,150.0,10551.400000000021
2026-01-20 11:30:00,LONG,4704.93,4719.93,WIN,150.0,10701.400000000021
2026-01-20 11:45:00,LONG,4707.5,4722.5,WIN,150.0,10851.400000000021
2026-01-20 11:50:00,LONG,4710.05,4725.05,WIN,150.0,11001.400000000021
2026-01-20 11:55:00,LONG,4714.64,4729.64,WIN,150.0,11151.400000000021
2026-01-20 22:00:00,LONG,4731.25,4746.25,WIN,150.0,11301.400000000021
2026-01-20 22:10:00,LONG,4741.49,4756.49,WIN,150.0,11451.400000000021
2026-01-20 22:35:00,LONG,4744.94,4759.94,WIN,150.0,11601.400000000021
2026-01-20 22:45:00,LONG,4748.74,4763.74,WIN,150.0,11751.400000000021
2026-01-21 05:10:00,LONG,4758.32,4773.32,WIN,150.0,11901.400000000021
2026-01-21 05:35:00,LONG,4763.31,4778.31,WIN,150.0,12051.400000000021
2026-01-21 05:40:00,LONG,4774.15,4789.15,WIN,150.0,12201.400000000021
2026-01-21 06:30:00,LONG,4782.22,4797.22,WIN,150.0,12351.400000000021
2026-01-21 06:50:00,LONG,4786.51,4801.51,WIN,150.0,12501.400000000021
2026-01-21 07:00:00,LONG,4792.54,4807.54,WIN,150.0,12651.400000000021
2026-01-21 07:10:00,LONG,4807.84,4822.84,WIN,150.0,12801.400000000021
2026-01-21 07:15:00,LONG,4813.08,4828.08,WIN,150.0,12951.400000000021
2026-01-21 07:25:00,LONG,4827.51,4842.51,WIN,150.0,13101.400000000021
2026-01-21 07:50:00,LONG,4844.15,4859.15,WIN,150.0,13251.400000000021
2026-01-21 19:05:00,LONG,4868.9,4863.9,LOSS,-50.0,13201.400000000021
2026-01-21 19:30:00,LONG,4871.53,4866.53,LOSS,-50.0,13151.400000000021
2026-01-21 19:35:00,LONG,4878.35,4873.35,LOSS,-50.0,13101.400000000021
2026-01-22 00:45:00,LONG,4843.11,4838.11,LOSS,-50.0,13051.400000000021
2026-01-22 00:55:00,LONG,4850.15,4845.15,LOSS,-50.0,13001.400000000021
2026-01-22 05:00:00,SHORT,4815.28,4800.28,WIN,150.0,13151.400000000021
2026-01-22 05:05:00,SHORT,4802.93,4787.93,WIN,150.0,13301.400000000021
2026-01-22 05:20:00,SHORT,4795.79,4789.95,LOSS,58.400000000001455,13359.800000000023
2026-01-22 05:55:00,SHORT,4778.0,4783.0,LOSS,-50.0,13309.800000000023
2026-01-22 12:20:00,LONG,4827.66,4830.33,LOSS,26.700000000000728,13336.500000000024
2026-01-22 12:50:00,LONG,4821.66,4823.01,LOSS,13.500000000003638,13350.000000000027
2026-01-22 12:55:00,LONG,4826.73,4821.73,LOSS,-50.0,13300.000000000027
2026-01-22 13:00:00,LONG,4831.08,4826.08,LOSS,-50.0,13250.000000000027
2026-01-22 13:05:00,LONG,4834.54,4829.54,LOSS,-50.0,13200.000000000027
2026-01-22 13:15:00,LONG,4836.68,4831.68,LOSS,-50.0,13150.000000000027
2026-01-22 13:25:00,LONG,4837.24,4832.24,LOSS,-50.0,13100.000000000027
2026-01-22 18:00:00,SHORT,4824.92,4829.92,LOSS,-50.0,13050.000000000027
2026-01-22 18:55:00,SHORT,4819.59,4824.59,LOSS,-50.0,13000.000000000027
2026-01-22 21:25:00,LONG,4853.87,4868.87,WIN,150.0,13150.000000000027
2026-01-22 21:30:00,LONG,4863.69,4878.69,WIN,150.0,13300.000000000027
2026-01-22 23:30:00,LONG,4895.85,4910.85,WIN,150.0,13450.000000000027
2026-01-22 23:40:00,LONG,4898.97,4913.97,WIN,150.0,13600.000000000027
2026-01-23 03:25:00,LONG,4925.19,4940.19,WIN,150.0,13750.000000000027
2026-01-23 03:30:00,LONG,4936.12,4951.12,WIN,150.0,13900.000000000027
2026-01-23 03:40:00,LONG,4939.21,4950.85,LOSS,116.40000000000327,14016.40000000003
2026-01-23 05:00:00,LONG,4952.54,4955.01,LOSS,24.700000000002547,14041.100000000033
2026-01-23 05:10:00,LONG,4942.97,4949.2,LOSS,62.299999999995634,14103.400000000029
2026-01-23 05:30:00,LONG,4934.46,4949.46,WIN,150.0,14253.400000000029
2026-01-23 05:45:00,LONG,4951.15,4960.4,LOSS,92.5,14345.900000000029
2026-01-23 06:50:00,LONG,4958.1,4953.1,LOSS,-50.0,14295.900000000029
2026-01-23 06:55:00,LONG,4965.23,4960.23,LOSS,-50.0,14245.900000000029
2026-01-23 13:20:00,SHORT,4951.78,4936.78,WIN,150.0,14395.900000000029
2026-01-23 13:40:00,SHORT,4946.36,4931.36,WIN,150.0,14545.900000000029
2026-01-23 14:10:00,SHORT,4942.34,4927.34,WIN,150.0,14695.900000000029
2026-01-23 14:20:00,SHORT,4921.0,4916.04,LOSS,49.600000000000364,14745.50000000003
2026-01-23 22:05:00,LONG,4974.02,4976.92,LOSS,28.999999999996362,14774.500000000025
2026-01-23 22:15:00,LONG,4979.42,4974.42,LOSS,-50.0,14724.500000000025
2026-01-23 22:25:00,LONG,4985.56,4980.56,LOSS,-50.0,14674.500000000025
2026-01-23 22:45:00,LONG,4978.3,4982.22,LOSS,39.20000000000073,14713.700000000026
2026-01-24 01:45:00,LONG,4982.91,4997.91,WIN,150.0,14863.700000000026
2026-01-24 01:50:00,LONG,4988.67,5003.67,WIN,150.0,15013.700000000026
2026-01-26 05:15:00,LONG,5028.66,5043.66,WIN,150.0,15163.700000000026
2026-01-26 05:45:00,LONG,5034.02,5049.02,WIN,150.0,15313.700000000026
2026-01-26 05:50:00,LONG,5039.95,5054.95,WIN,150.0,15463.700000000026
2026-01-26 06:35:00,LONG,5049.82,5064.82,WIN,150.0,15613.700000000026
2026-01-26 20:20:00,LONG,5077.82,5092.82,WIN,150.0,15763.700000000026
2026-01-26 20:30:00,LONG,5085.24,5091.32,LOSS,60.79999999999927,15824.500000000025
2026-01-26 20:55:00,LONG,5096.32,5100.7,LOSS,43.80000000000109,15868.300000000027
2026-01-27 00:05:00,SHORT,5086.75,5071.75,WIN,150.0,16018.300000000027
2026-01-27 00:10:00,SHORT,5078.51,5063.51,WIN,150.0,16168.300000000027
2026-01-27 00:30:00,SHORT,5073.79,5058.79,WIN,150.0,16318.300000000027
2026-01-27 01:00:00,SHORT,5045.86,5030.86,WIN,150.0,16468.300000000025
2026-01-27 01:20:00,SHORT,5021.85,5021.37,LOSS,4.800000000004729,16473.100000000028
2026-01-27 03:10:00,SHORT,5034.19,5039.19,LOSS,-50.0,16423.100000000028
2026-01-27 03:30:00,SHORT,5010.99,5015.99,LOSS,-50.0,16373.100000000028
2026-01-27 15:15:00,LONG,5086.31,5081.31,LOSS,-50.0,16323.100000000028
2026-01-27 15:25:00,LONG,5088.25,5083.25,LOSS,-50.0,16273.100000000028
2026-01-27 15:35:00,LONG,5093.06,5088.06,LOSS,-50.0,16223.100000000028
2026-01-27 15:50:00,LONG,5095.57,5090.57,LOSS,-50.0,16173.100000000028
2026-01-27 20:00:00,SHORT,5067.85,5072.85,LOSS,-50.0,16123.100000000028
2026-01-27 20:40:00,SHORT,5079.43,5084.43,LOSS,-50.0,16073.100000000028
2026-01-27 20:55:00,SHORT,5054.31,5059.31,LOSS,-50.0,16023.100000000028
2026-01-27 21:15:00,LONG,5071.24,5086.24,WIN,150.0,16173.100000000028
2026-01-27 21:30:00,LONG,5078.02,5090.04,LOSS,120.19999999999527,16293.300000000023
2026-01-27 21:55:00,LONG,5091.15,5093.58,LOSS,24.30000000000291,16317.600000000026
2026-01-28 02:00:00,LONG,5119.17,5134.17,WIN,150.0,16467.600000000028
2026-01-28 02:10:00,LONG,5141.58,5156.58,WIN,150.0,16617.600000000028
2026-01-28 02:45:00,LONG,5160.92,5170.13,LOSS,92.10000000000036,16709.700000000026
2026-01-28 02:50:00,LONG,5175.7,5170.7,LOSS,-50.0,16659.700000000026
2026-01-28 22:30:00,LONG,5277.84,5292.84,WIN,150.0,16809.700000000026
2026-01-28 22:45:00,LONG,5293.38,5308.38,WIN,150.0,16959.700000000026
2026-01-28 22:55:00,LONG,5299.8,5314.8,WIN,150.0,17109.700000000026
2026-01-29 02:25:00,LONG,5354.67,5369.67,WIN,150.0,17259.700000000026
2026-01-29 02:35:00,LONG,5376.41,5391.41,WIN,150.0,17409.700000000026
2026-01-29 03:45:00,LONG,5399.36,5414.36,WIN,150.0,17559.700000000026
2026-01-29 05:00:00,LONG,5441.55,5456.55,WIN,150.0,17709.700000000026
2026-01-29 05:10:00,LONG,5475.04,5490.04,WIN,150.0,17859.700000000026
2026-01-29 05:15:00,LONG,5492.49,5507.49,WIN,150.0,18009.700000000026
2026-01-29 05:30:00,LONG,5501.8,5516.8,WIN,150.0,18159.700000000026
2026-01-29 05:35:00,LONG,5589.98,5584.98,LOSS,-50.0,18109.700000000026
2026-01-29 13:25:00,SHORT,5541.57,5526.57,WIN,150.0,18259.700000000026
2026-01-29 14:00:00,SHORT,5532.35,5517.35,WIN,150.0,18409.700000000026
2026-01-29 14:35:00,SHORT,5511.9,5511.79,LOSS,1.0999999999967258,18410.800000000025
2026-01-29 14:40:00,SHORT,5483.02,5488.02,LOSS,-50.0,18360.800000000025
2026-01-29 16:00:00,SHORT,5509.71,5514.71,LOSS,-50.0,18310.800000000025
2026-01-29 16:30:00,SHORT,5502.52,5507.52,LOSS,-50.0,18260.800000000025
2026-01-29 16:55:00,SHORT,5483.62,5488.62,LOSS,-50.0,18210.800000000025
2026-01-29 21:00:00,SHORT,5458.43,5443.43,WIN,150.0,18360.800000000025
2026-01-29 21:05:00,SHORT,5415.78,5400.78,WIN,150.0,18510.800000000025
2026-01-30 07:05:00,SHORT,5366.64,5351.64,WIN,150.0,18660.800000000025
2026-01-30 07:10:00,SHORT,5310.08,5295.08,WIN,150.0,18810.800000000025
2026-01-30 07:45:00,SHORT,5329.77,5314.77,WIN,150.0,18960.800000000025
2026-01-30 07:55:00,SHORT,5301.53,5286.53,WIN,150.0,19110.800000000025
2026-01-30 08:05:00,SHORT,5273.28,5258.28,WIN,150.0,19260.800000000025
2026-01-30 08:10:00,SHORT,5213.3,5205.92,LOSS,73.80000000000109,19334.600000000028
2026-01-30 08:15:00,SHORT,5146.46,5151.46,LOSS,-50.0,19284.600000000028
2026-01-30 08:45:00,SHORT,5240.12,5225.12,WIN,150.0,19434.600000000028
2026-01-30 14:30:00,SHORT,5078.6,5083.6,LOSS,-50.0,19384.600000000028
2026-01-30 15:05:00,SHORT,5060.59,5065.59,LOSS,-50.0,19334.600000000028
2026-01-30 15:40:00,SHORT,4976.79,4981.79,LOSS,-50.0,19284.600000000028
2026-01-30 23:05:00,SHORT,4931.9,4916.9,WIN,150.0,19434.600000000028
2026-01-30 23:35:00,SHORT,4889.56,4874.56,WIN,150.0,19584.600000000028
2026-01-30 23:50:00,SHORT,4813.43,4818.43,LOSS,-50.0,19534.600000000028
2026-02-02 09:10:00,SHORT,4692.45,4677.45,WIN,150.0,19684.600000000028
2026-02-02 11:30:00,SHORT,4632.14,4627.12,LOSS,50.200000000004366,19734.800000000032
2026-02-02 11:40:00,SHORT,4575.33,4580.33,LOSS,-50.0,19684.800000000032
2026-02-02 18:15:00,LONG,4777.16,4772.16,LOSS,-50.0,19634.800000000032
2026-02-02 18:40:00,LONG,4797.27,4792.27,LOSS,-50.0,19584.800000000032
2026-02-02 19:00:00,SHORT,4747.9,4732.9,WIN,150.0,19734.800000000032
2026-02-02 19:30:00,SHORT,4710.51,4695.51,WIN,150.0,19884.800000000032
2026-02-02 19:35:00,SHORT,4690.5,4675.5,WIN,150.0,20034.800000000032
2026-02-02 21:55:00,SHORT,4620.57,4625.57,LOSS,-50.0,19984.800000000032
2026-02-03 05:00:00,LONG,4700.33,4715.33,WIN,150.0,20134.800000000032
2026-02-03 05:15:00,LONG,4742.11,4757.11,WIN,150.0,20284.800000000032
2026-02-03 05:55:00,LONG,4774.35,4782.93,LOSS,85.79999999999927,20370.60000000003
2026-02-03 06:00:00,LONG,4794.9,4789.9,LOSS,-50.0,20320.60000000003
2026-02-03 06:15:00,LONG,4810.46,4805.46,LOSS,-50.0,20270.60000000003
2026-02-03 06:55:00,LONG,4780.71,4795.71,WIN,150.0,20420.60000000003
2026-02-03 07:00:00,LONG,4812.3,4818.22,LOSS,59.20000000000073,20479.800000000032
2026-02-03 07:10:00,LONG,4829.81,4824.81,LOSS,-50.0,20429.800000000032
2026-02-03 07:25:00,LONG,4853.9,4848.9,LOSS,-50.0,20379.800000000032
2026-02-03 07:45:00,LONG,4825.74,4820.74,LOSS,-50.0,20329.800000000032
2026-02-03 12:10:00,LONG,4843.33,4858.33,WIN,150.0,20479.800000000032
2026-02-03 12:15:00,LONG,4856.97,4871.97,WIN,150.0,20629.800000000032
2026-02-03 12:25:00,LONG,4871.84,4886.84,WIN,150.0,20779.800000000032
2026-02-03 12:40:00,LONG,4891.68,4906.68,WIN,150.0,20929.800000000032
2026-02-03 13:25:00,LONG,4900.19,4915.19,WIN,150.0,21079.800000000032
2026-02-03 13:30:00,LONG,4917.91,4922.03,LOSS,41.19999999999891,21121.00000000003
2026-02-03 13:35:00,LONG,4931.5,4926.5,LOSS,-50.0,21071.00000000003
2026-02-03 23:05:00,SHORT,4941.76,4926.76,WIN,150.0,21221.00000000003
2026-02-03 23:40:00,SHORT,4922.11,4927.11,LOSS,-50.0,21171.00000000003
2026-02-04 06:00:00,LONG,4957.72,4972.72,WIN,150.0,21321.00000000003
2026-02-04 06:05:00,LONG,4969.58,4984.58,WIN,150.0,21471.00000000003
2026-02-04 06:10:00,LONG,4986.98,5001.98,WIN,150.0,21621.00000000003
2026-02-04 06:15:00,LONG,4995.04,5010.04,WIN,150.0,21771.00000000003
2026-02-04 06:45:00,LONG,5003.35,5018.35,WIN,150.0,21921.00000000003
2026-02-04 06:55:00,LONG,5015.77,5030.77,WIN,150.0,22071.00000000003
2026-02-04 07:05:00,LONG,5031.61,5046.61,WIN,150.0,22221.00000000003
2026-02-04 07:10:00,LONG,5051.46,5066.46,WIN,150.0,22371.00000000003
2026-02-04 15:10:00,SHORT,5069.37,5054.37,WIN,150.0,22521.00000000003
2026-02-04 15:15:00,SHORT,5062.39,5047.39,WIN,150.0,22671.00000000003
2026-02-04 16:20:00,SHORT,5043.0,5038.72,LOSS,42.79999999999745,22713.800000000025
2026-02-04 20:35:00,SHORT,4982.04,4967.04,WIN,150.0,22863.800000000025
2026-02-04 21:30:00,SHORT,4920.31,4925.31,LOSS,-50.0,22813.800000000025
2026-02-05 03:10:00,LONG,4953.6,4968.6,WIN,150.0,22963.800000000025
2026-02-05 03:25:00,LONG,4959.22,4974.22,WIN,150.0,23113.800000000025
2026-02-05 03:35:00,LONG,4968.21,4983.21,WIN,150.0,23263.800000000025
2026-02-05 05:00:00,LONG,4996.46,4991.46,LOSS,-50.0,23213.800000000025
2026-02-05 05:10:00,LONG,5009.94,5004.94,LOSS,-50.0,23163.800000000025
2026-02-05 07:10:00,SHORT,4968.12,4953.12,WIN,150.0,23313.800000000025
2026-02-05 07:15:00,SHORT,4944.8,4929.8,WIN,150.0,23463.800000000025
2026-02-05 08:00:00,SHORT,4950.35,4935.35,WIN,150.0,23613.800000000025
2026-02-05 08:05:00,SHORT,4937.22,4922.22,WIN,150.0,23763.800000000025
2026-02-05 08:45:00,SHORT,4851.68,4856.68,LOSS,-50.0,23713.800000000025
2026-02-05 15:00:00,SHORT,4884.18,4869.18,WIN,150.0,23863.800000000025
2026-02-05 15:10:00,SHORT,4863.33,4848.33,WIN,150.0,24013.800000000025
2026-02-05 15:50:00,SHORT,4869.79,4854.79,WIN,150.0,24163.800000000025
2026-02-05 15:55:00,SHORT,4855.12,4840.12,WIN,150.0,24313.800000000025
2026-02-05 22:20:00,LONG,4850.47,4852.96,LOSS,24.899999999997817,24338.700000000023
2026-02-05 22:40:00,LONG,4878.9,4873.9,LOSS,-50.0,24288.700000000023
2026-02-05 22:50:00,LONG,4903.7,4898.7,LOSS,-50.0,24238.700000000023
2026-02-06 02:35:00,SHORT,4810.21,4795.21,WIN,150.0,24388.700000000023
2026-02-06 02:45:00,SHORT,4803.93,4788.93,WIN,150.0,24538.700000000023
2026-02-06 05:20:00,SHORT,4755.48,4760.48,LOSS,-50.0,24488.700000000023
2026-02-06 05:35:00,SHORT,4739.22,4744.22,LOSS,-50.0,24438.700000000023
2026-02-06 05:45:00,SHORT,4715.01,4720.01,LOSS,-50.0,24388.700000000023
2026-02-06 11:25:00,LONG,4852.34,4867.34,WIN,150.0,24538.700000000023
2026-02-06 11:50:00,LONG,4886.27,4881.27,LOSS,-50.0,24488.700000000023
2026-02-06 11:55:00,LONG,4897.72,4892.72,LOSS,-50.0,24438.700000000023
2026-02-06 19:00:00,LONG,4925.55,4940.55,WIN,150.0,24588.700000000023
2026-02-06 19:20:00,LONG,4927.5,4942.5,WIN,150.0,24738.700000000023
2026-02-06 19:25:00,LONG,4909.41,4924.41,WIN,150.0,24888.700000000023
2026-02-09 05:20:00,LONG,4997.22,4997.66,LOSS,4.399999999995998,24893.10000000002
2026-02-09 05:25:00,LONG,5024.61,5019.61,LOSS,-50.0,24843.10000000002
2026-02-09 07:35:00,SHORT,4982.6,4987.6,LOSS,-50.0,24793.10000000002
2026-02-09 13:05:00,SHORT,5021.08,5006.08,WIN,150.0,24943.10000000002
2026-02-09 13:20:00,SHORT,5004.06,5009.06,LOSS,-50.0,24893.10000000002
2026-02-09 20:30:00,LONG,5035.6,5050.6,WIN,150.0,25043.10000000002
2026-02-09 20:50:00,LONG,5040.27,5055.27,WIN,150.0,25193.10000000002
2026-02-09 22:00:00,LONG,5067.08,5067.31,LOSS,2.3000000000047294,25195.400000000023
2026-02-09 22:20:00,LONG,5074.57,5069.57,LOSS,-50.0,25145.400000000023
2026-02-09 23:40:00,SHORT,5062.63,5067.63,LOSS,-50.0,25095.400000000023
2026-02-10 05:00:00,SHORT,5056.81,5041.81,WIN,150.0,25245.400000000023
2026-02-10 05:05:00,SHORT,5034.43,5039.43,LOSS,-50.0,25195.400000000023
2026-02-10 05:40:00,SHORT,5040.3,5045.3,LOSS,-50.0,25145.400000000023
2026-02-10 18:40:00,SHORT,5029.65,5014.65,WIN,150.0,25295.400000000023
2026-02-10 21:35:00,SHORT,5007.99,5012.99,LOSS,-50.0,25245.400000000023
2026-02-11 05:00:00,LONG,5033.73,5048.73,WIN,150.0,25395.400000000023
2026-02-11 05:15:00,LONG,5044.27,5044.55,LOSS,2.7999999999974534,25398.20000000002
2026-02-11 07:45:00,LONG,5049.08,5054.22,LOSS,51.400000000003274,25449.60000000002
2026-02-11 23:05:00,LONG,5080.47,5085.12,LOSS,46.49999999999636,25496.100000000017
2026-02-11 23:10:00,LONG,5085.04,5086.26,LOSS,12.200000000002547,25508.300000000017
2026-02-11 23:40:00,LONG,5096.13,5091.13,LOSS,-50.0,25458.300000000017
2026-02-12 12:25:00,SHORT,5055.73,5060.73,LOSS,-50.0,25408.300000000017
2026-02-12 12:30:00,SHORT,5050.46,5055.46,LOSS,-50.0,25358.300000000017
2026-02-12 16:15:00,SHORT,5063.5,5068.5,LOSS,-50.0,25308.300000000017
2026-02-12 16:25:00,SHORT,5061.41,5066.41,LOSS,-50.0,25258.300000000017
2026-02-12 19:10:00,LONG,5065.71,5060.71,LOSS,-50.0,25208.300000000017
2026-02-12 19:30:00,LONG,5072.7,5067.7,LOSS,-50.0,25158.300000000017
2026-02-12 20:10:00,SHORT,5065.28,5050.28,WIN,150.0,25308.300000000017
2026-02-12 20:55:00,SHORT,5044.52,5029.52,WIN,150.0,25458.300000000017
2026-02-12 22:05:00,SHORT,5050.27,5035.27,WIN,150.0,25608.300000000017
2026-02-12 22:10:00,SHORT,4951.48,4936.48,WIN,150.0,25758.300000000017
2026-02-13 07:00:00,LONG,4957.37,4972.37,WIN,150.0,25908.300000000017
2026-02-13 07:40:00,LONG,4980.13,4975.13,LOSS,-50.0,25858.300000000017
2026-02-13 11:20:00,SHORT,4982.19,4979.89,LOSS,22.999999999992724,25881.30000000001
2026-02-13 11:40:00,SHORT,4964.25,4969.25,LOSS,-50.0,25831.30000000001
2026-02-13 11:50:00,SHORT,4955.12,4960.12,LOSS,-50.0,25781.30000000001
2026-02-13 11:55:00,SHORT,4946.42,4951.42,LOSS,-50.0,25731.30000000001
2026-02-13 18:00:00,LONG,4958.79,4973.79,WIN,150.0,25881.30000000001
2026-02-13 18:10:00,LONG,4963.8,4978.8,WIN,150.0,26031.30000000001
2026-02-13 18:20:00,LONG,4971.34,4986.34,WIN,150.0,26181.30000000001
2026-02-13 19:15:00,LONG,4962.46,4977.46,WIN,150.0,26331.30000000001
2026-02-13 19:30:00,LONG,4993.7,5008.7,WIN,150.0,26481.30000000001
